dataset,n_qubits,n_layers,seed,gate_train_loss,gate_acc_train,gate_acc_test,gate_lr,pulsed_train_loss,pulsed_acc_train,pulsed_acc_test,pulsed_lr,mixed_train_loss,mixed_acc_train,mixed_acc_test,mixed_lr
corners3d,2,8,4,0.1487965868738474,0.79,0.712,0.05,0.1076809604753204,0.856,0.836,0.0002538271937926,0.1690751141683337,0.76,0.672,0.0004093948745959
corners3d,1,5,1,0.2075204498486204,0.686,0.68,0.05,0.1345498581181282,0.8,0.764,6.992174096823612e-05,0.1834092458813288,0.73,0.712,0.0009438860154971
corners3d,1,5,2,0.1823701525087409,0.74,0.704,0.05,0.1637105933397218,0.744,0.736,0.0001977920316851,0.1891507813244626,0.74,0.712,0.0001444174906312
corners3d,1,5,3,0.1813360656077107,0.728,0.672,0.05,0.1540286837339025,0.788,0.78,0.0002525004100219,0.1636953986903885,0.76,0.724,0.000745442249767
corners3d,1,5,4,0.1893258630055874,0.73,0.716,0.05,0.1606766520703685,0.778,0.752,0.0012008709340354,0.1736785315538138,0.724,0.72,0.000303405953355
corners3d,1,6,0,0.1854919679388516,0.712,0.648,0.05,0.1085578866362213,0.868,0.736,0.0004832234692234,0.172618408592849,0.76,0.72,0.0008821079695867
corners3d,1,6,1,0.1865672675041827,0.72,0.688,0.05,0.1289027181207155,0.826,0.788,0.0011834002091081,0.1707437036790369,0.748,0.7,0.0004253338698918
corners3d,1,6,2,0.1618464039685098,0.758,0.724,0.05,0.1282173034911651,0.816,0.812,0.0001649654701581,0.174891238876876,0.752,0.68,0.0019921242381902
corners3d,1,5,0,0.1804282279459345,0.746,0.668,0.05,0.1178251980355754,0.838,0.752,0.0007621163254926,0.198652173971362,0.702,0.672,0.0002268924466998
corners3d,1,6,3,0.1770431181983934,0.734,0.708,0.05,0.1220957320785073,0.826,0.812,0.0005830034653149,0.1696140585674354,0.738,0.696,0.0003846076097929
corners3d,1,7,0,0.1457581178283293,0.774,0.68,0.05,0.1146785640479962,0.856,0.772,0.0008261167747553,0.1571917440710369,0.768,0.752,0.001095651734679
corners3d,1,7,1,0.1935500183058408,0.71,0.68,0.05,0.1070262512064721,0.856,0.812,0.0008326850896396,0.1859276331630349,0.73,0.724,0.0008373856087902
corners3d,1,7,2,0.1719420903700168,0.75,0.644,0.05,0.1467192938635293,0.8,0.776,0.0001602047665353,0.1769388341590641,0.738,0.72,0.0008737373292176
corners3d,1,7,3,0.1911928794438851,0.73,0.656,0.05,0.1202409331359594,0.848,0.792,0.0009174114629563,0.1809338008573377,0.742,0.76,0.0001220762070487
corners3d,1,7,4,0.1954951296521812,0.708,0.596,0.05,0.1331284361715457,0.826,0.812,0.0005714445688503,0.1760863667073227,0.742,0.66,0.0003265107774233
corners3d,1,8,0,0.1703977362780259,0.762,0.66,0.05,0.1015203807307232,0.862,0.74,0.000581084688407,0.1643516049348545,0.756,0.708,0.0002304177752497
corners3d,1,8,1,0.1782855025396674,0.74,0.668,0.05,0.1145119852837431,0.86,0.848,0.0005440875283226,0.1776587424773517,0.754,0.732,0.0002228483317501
corners3d,1,6,4,0.2023869389825596,0.698,0.696,0.05,0.1700027543379378,0.754,0.696,0.0002049562344409,0.1998744255303332,0.71,0.632,0.000100597480164
corners3d,1,4,4,0.2031461244371445,0.704,0.676,0.05,0.1667486569463092,0.746,0.724,0.0006195962203644,0.200204614828977,0.698,0.676,0.0002428170652607
corners3d,1,4,3,0.1951785376725749,0.706,0.68,0.05,0.165942492727879,0.768,0.748,0.0007915780409277,0.1740486471173012,0.752,0.732,0.0011376398793195
corners3d,1,4,2,0.1734306273212598,0.766,0.636,0.05,0.1547372822713589,0.792,0.756,0.001287376906312,0.1886041235836227,0.756,0.708,0.0047389250662697
corners3d,1,1,0,0.2502654520976016,0.658,0.656,0.05,0.1764988641495055,0.732,0.704,0.0058344986147649,0.2497634424504083,0.65,0.656,0.0001969728682485
corners3d,1,1,1,0.2414254130313442,0.682,0.668,0.05,0.173917489726539,0.766,0.696,0.0057252574915376,0.2411229051982566,0.672,0.712,0.003781379096816
corners3d,1,1,2,0.2617841962042006,0.63,0.6,0.05,0.1683057818579723,0.76,0.724,0.0096333582041871,0.25869568393021,0.644,0.664,0.0003081268416739
corners3d,1,1,3,0.2450671085883091,0.656,0.672,0.05,0.1679768379925982,0.76,0.784,0.0001194762483372,0.2450624681425511,0.66,0.672,0.0084508052052579
corners3d,1,1,4,0.2400063622986077,0.68,0.624,0.05,0.2024767269094297,0.71,0.772,0.0170817721338826,0.2403344401785246,0.668,0.62,0.0010428736105514
corners3d,1,2,0,0.2157282236587338,0.688,0.7,0.05,0.1173055583257982,0.838,0.756,0.0071859793296623,0.2078539685534731,0.704,0.688,0.000315798788165
corners3d,1,2,1,0.2074079983071834,0.718,0.692,0.05,0.123126917695447,0.848,0.812,0.004181179526781,0.2029156009364063,0.73,0.664,0.0027117538868003
corners3d,1,2,2,0.1906830237795826,0.736,0.704,0.05,0.1458038071830155,0.792,0.792,0.0078068308242723,0.1896504335360511,0.742,0.696,0.0173867696580243
corners3d,1,2,3,0.2152793622337168,0.674,0.7,0.05,0.1414072341422197,0.808,0.812,0.0105796966081549,0.2126519442987721,0.704,0.68,0.0014025775390445
corners3d,1,2,4,0.2316598919370258,0.68,0.692,0.05,0.146463419600868,0.788,0.796,0.0052292449961696,0.2321969729539686,0.67,0.696,0.0093157778779953
corners3d,1,3,0,0.2006506497223678,0.714,0.656,0.05,0.1222714479160658,0.828,0.76,0.0038223704220772,0.1941536704263552,0.726,0.704,0.0001115564069664
corners3d,1,3,1,0.2307863116292087,0.642,0.66,0.05,0.1122149462984706,0.838,0.812,0.000809939464169,0.1822507591282537,0.754,0.756,0.0007103504043596
corners3d,1,3,2,0.2216360529844717,0.68,0.66,0.05,0.1424212812147474,0.816,0.812,0.0010398147981707,0.1965635640978308,0.706,0.688,0.0017499560220527
corners3d,1,3,3,0.2081158531922238,0.682,0.648,0.05,0.1438426064116139,0.782,0.812,0.0001972717241757,0.2242517594997587,0.696,0.688,0.0003482285415013
corners3d,1,3,4,0.2088622129500491,0.702,0.616,0.05,0.1518196459215002,0.776,0.772,0.0022287436181626,0.1943693176446665,0.726,0.68,0.0001823721360924
corners3d,1,4,0,0.1658479251305722,0.742,0.68,0.05,0.1228117204708966,0.818,0.764,0.0006229363873702,0.1760844113848847,0.752,0.676,0.0001757476068794
corners3d,1,4,1,0.1917106282604903,0.714,0.72,0.05,0.12918200553026,0.834,0.836,0.0005207096191408,0.1785814267862517,0.774,0.724,0.0014448410472118
corners3d,1,8,2,0.1715401367112103,0.758,0.684,0.05,0.137966572466073,0.8,0.8,5.116497062186204e-05,0.1797831487348455,0.74,0.736,0.0003311082878551
corners3d,1,8,3,0.1648100434334606,0.768,0.716,0.05,0.1477659065505955,0.808,0.784,0.0008226594982337,0.1629373450413562,0.776,0.744,7.83792757690424e-05
corners3d,2,8,3,0.134318506516405,0.798,0.732,0.05,0.1090949298351141,0.846,0.78,0.0002131413847437,0.152459623437191,0.794,0.688,0.0002332504587628
corners3d,2,1,0,0.1704674396076803,0.74,0.664,0.05,0.1140321676127354,0.84,0.76,0.0181027186930845,0.1943994533632365,0.714,0.672,0.0043397104196623
corners3d,2,5,2,0.140193423122374,0.808,0.684,0.05,0.120640487259728,0.832,0.828,0.0006581396677535,0.1589614288358765,0.78,0.704,0.0003209154958105
corners3d,2,5,3,0.1501561028139284,0.792,0.724,0.05,0.1115137928112783,0.848,0.836,0.0003453048320877,0.1433876905847712,0.818,0.768,0.0001734692987478
corners3d,2,5,4,0.1462899079967821,0.766,0.704,0.05,0.1136599583414661,0.832,0.82,0.000384067369977,0.1690352589727593,0.76,0.716,0.0003387070080275
corners3d,2,6,0,0.135675259826244,0.81,0.708,0.05,0.0967087085100766,0.896,0.772,0.0003053281688847,0.1561453840421085,0.788,0.672,0.0002775563657653
corners3d,2,6,1,0.1480008993228934,0.776,0.7,0.05,0.1064406496315651,0.854,0.788,0.0001836307569876,0.1495533888107439,0.786,0.724,0.0002863782149076
corners3d,2,6,2,0.1454277207052646,0.786,0.704,0.05,0.1190061961861227,0.832,0.804,0.0002157993545622,0.1612594542903533,0.786,0.736,0.0001169319431178
corners3d,2,6,4,0.1518789649787927,0.784,0.748,0.05,0.1084690165203125,0.852,0.804,0.0002411929048416,0.1678351160933204,0.742,0.704,0.0004951274116167
corners3d,2,5,1,0.1508529231784605,0.79,0.732,0.05,0.1074053054208831,0.856,0.824,0.0001768209643471,0.1584773609905485,0.782,0.708,0.0002579411521726
corners3d,2,7,0,0.1339032573780711,0.828,0.684,0.05,0.0930611663173725,0.888,0.788,0.000296176477581,0.1505636305364623,0.784,0.712,0.0001086801579673
corners3d,2,7,2,0.1377760410966054,0.812,0.648,0.05,0.1074680682253949,0.858,0.816,0.00027757107912,0.1528453121864001,0.778,0.7,0.000296297667107
corners3d,2,7,3,0.1457507889664303,0.772,0.712,0.05,0.1046381510758559,0.864,0.832,0.0001445852566579,0.1685829368561937,0.754,0.732,0.0002882648356093
corners3d,2,7,4,0.1563254174675814,0.772,0.68,0.05,0.0997068700577633,0.874,0.836,0.000397567220521,0.1593737386359084,0.774,0.752,0.0002994953391484
corners3d,2,8,0,0.1410966674108995,0.794,0.72,0.05,0.099555428993984,0.87,0.748,0.0002397098320984,0.1463608374649513,0.794,0.664,0.00027739956543
corners3d,2,8,1,0.1454656056360271,0.782,0.732,0.05,0.1024655033733612,0.86,0.848,0.0003476745040244,0.1534019900486298,0.81,0.708,0.0003476134809479
corners3d,2,8,2,0.1422085155446531,0.808,0.728,0.05,0.1010918151458242,0.864,0.86,0.0002075257894266,0.1492593061041029,0.788,0.688,0.0001943314964644
corners3d,1,8,4,0.2026334589715863,0.7,0.664,0.05,0.1194261465921321,0.842,0.776,0.000714701494402,0.196847333356979,0.728,0.624,9.479152250684508e-05
corners3d,2,7,1,0.1398170774176985,0.806,0.696,0.05,0.1049223570294638,0.864,0.788,0.0002539828161158,0.162925992224516,0.762,0.704,0.0001415778793192
corners3d,2,5,0,0.1451824626070814,0.8,0.72,0.05,0.0898878230435552,0.888,0.816,0.000404422929572,0.1581811456561974,0.766,0.708,0.0002857553322385
corners3d,2,6,3,0.1404548759733085,0.792,0.788,0.05,0.1038979780171671,0.876,0.876,0.0001993640195867,0.1552531212196662,0.778,0.732,0.0002467253580307
corners3d,2,4,3,0.1498312168809778,0.766,0.716,0.05,0.1112434750277758,0.84,0.856,0.0009758949951467,0.1603556755315198,0.748,0.748,0.0008511493494186
corners3d,2,4,4,0.1578543885655989,0.752,0.748,0.05,0.1129222078569281,0.856,0.82,0.0004449254521134,0.1661635477000742,0.75,0.676,0.0005933521833185
corners3d,2,1,2,0.1712833053653159,0.738,0.66,0.05,0.1289338421400361,0.834,0.82,0.005229042878151,0.1961558666208207,0.692,0.672,0.0005840828931178
corners3d,2,1,3,0.1737483685503032,0.716,0.732,0.05,0.1389668461309068,0.812,0.82,0.0052052768349011,0.1887383400313156,0.712,0.72,0.0110738321580142
corners3d,2,1,4,0.1790096230655677,0.724,0.672,0.05,0.1393456542013587,0.808,0.812,0.0059832467470337,0.1958640107065217,0.698,0.66,0.0023139840743308
corners3d,2,2,0,0.1475740817617737,0.782,0.728,0.05,0.1171842324870795,0.862,0.796,0.0011281401061956,0.1612411769965529,0.78,0.728,0.0011238963787795
corners3d,2,2,1,0.152305362645438,0.778,0.768,0.05,0.110097278984325,0.864,0.796,0.0013184306880741,0.1694480038959152,0.726,0.716,0.0002575158431832
corners3d,2,2,3,0.1593818789479552,0.768,0.764,0.05,0.1401763300821675,0.788,0.792,0.0013772295285272,0.1727277369326741,0.738,0.712,0.0009920636293398
corners3d,2,2,4,0.1768711102386544,0.724,0.724,0.05,0.1274687173652128,0.796,0.796,0.0023580023192102,0.1881511103148423,0.7,0.696,0.0005822764244127
corners3d,2,2,2,0.1534255719722406,0.76,0.716,0.05,0.1422850108003244,0.766,0.756,0.0006848979709338,0.159388835267533,0.768,0.744,0.0004439498662641
corners3d,2,1,1,0.1700900936029755,0.748,0.74,0.05,0.1220588449847077,0.852,0.828,0.0046134511845723,0.1818163363639822,0.714,0.74,9.818442213853216e-05
corners3d,2,3,1,0.1563924011348827,0.774,0.716,0.05,0.1211099221568046,0.82,0.792,0.0001922968065488,0.1540138348445385,0.774,0.728,0.0001275357415636
corners3d,2,3,2,0.1544211314499114,0.778,0.72,0.05,0.1170170221319322,0.854,0.852,0.0003837604995421,0.1590569027148156,0.75,0.688,0.0007853477400957
corners3d,2,3,3,0.1520212688781702,0.78,0.732,0.05,0.1279532436424537,0.838,0.832,0.0005818675845476,0.1572372266536871,0.794,0.804,0.0003711054526048
corners3d,2,3,4,0.1628654249490969,0.77,0.768,0.05,0.113652744336325,0.842,0.808,0.0009404810588574,0.1741467011813142,0.752,0.64,0.0001951889269794
corners3d,2,4,0,0.125088287874221,0.824,0.716,0.05,0.0894530553005607,0.884,0.776,0.0005751844124006,0.1555593645583315,0.776,0.716,0.0005849318892025
corners3d,2,4,1,0.150884050080918,0.784,0.712,0.05,0.0982841688464618,0.872,0.84,0.0004188949629555,0.1522905899106024,0.778,0.74,0.0006330379935569
corners3d,2,4,2,0.1493305005937848,0.796,0.704,0.05,0.1147618035191987,0.866,0.884,0.0002321378713755,0.1509241242735797,0.784,0.728,0.0001375394508311
corners3d,2,3,0,0.1466649687221734,0.794,0.696,0.05,0.1084375715319703,0.866,0.788,0.0003283485728763,0.163038858678602,0.76,0.728,0.0004923524978899
digits,2,3,1,0.1157411789841777,0.854,0.832,0.05,0.0823642016557982,0.904,0.908,0.0005350810445389,0.120663369544106,0.844,0.808,0.0008627023398124
digits,2,4,1,0.1203393979075076,0.838,0.832,0.05,0.0733310800833883,0.918,0.904,0.0004955132993863,0.1270272807936386,0.838,0.856,0.0005193660866391
digits,2,4,0,0.111688068547807,0.87,0.872,0.05,0.0705823888288085,0.926,0.924,0.0003486025572726,0.1382435473026235,0.824,0.828,0.000303691726009
digits,2,3,4,0.140315281284724,0.806,0.792,0.05,0.074179681249634,0.918,0.916,0.000151910885623,0.1453397664091185,0.828,0.824,0.0001566046399757
digits,2,3,3,0.1458374027642584,0.816,0.74,0.05,0.1119998611216273,0.858,0.836,0.0004187353957418,0.1556873084171929,0.78,0.776,0.0002069669703209
digits,2,3,2,0.1427786524555239,0.81,0.784,0.05,0.09401012044091,0.906,0.888,0.0002239727391403,0.1575369808880265,0.792,0.76,0.0011192347150255
digits,2,3,0,0.1157123845945229,0.86,0.86,0.05,0.0753441266670525,0.934,0.924,0.0004265982035585,0.1352591270020706,0.838,0.86,0.0011744389983363
digits,2,1,1,0.2125944623088012,0.678,0.692,0.05,0.1076853322187335,0.868,0.888,5.014025507140625e-05,0.2110895995547283,0.672,0.676,0.0029951849008432
digits,2,2,3,0.1554212385779671,0.8,0.76,0.05,0.0988128682236861,0.868,0.872,0.0009826775681857,0.1653512438271121,0.774,0.756,0.0003262963114363
digits,2,2,2,0.1528345013694732,0.784,0.8,0.05,0.10636511950271,0.88,0.88,0.0021460280021371,0.1468664879282918,0.788,0.796,0.0003930658014305
digits,2,2,1,0.1323535751947605,0.82,0.856,0.05,0.1053683127449686,0.864,0.868,0.0008218844233499,0.1442162289225053,0.82,0.832,0.0008930331288381
digits,2,2,0,0.1365290720591452,0.832,0.868,0.05,0.0853811613290606,0.89,0.908,0.0017523754980074,0.1328271029664188,0.834,0.84,0.0010951035482337
digits,2,1,4,0.2054009951183287,0.7,0.604,0.05,0.0852236139805562,0.898,0.88,0.0113421143719508,0.2165657818617197,0.62,0.568,0.0013600627447907
digits,2,1,3,0.198607140390041,0.708,0.56,0.05,0.1374464681767699,0.808,0.796,0.0013578687303419,0.220937366365041,0.686,0.52,0.0001860387283794
digits,2,1,2,0.2280244487620821,0.628,0.704,0.05,0.1337125636094725,0.828,0.808,0.0015414673919341,0.2337773189253389,0.632,0.688,0.0005311388037083
digits,2,4,2,0.125762983814423,0.832,0.84,0.05,0.0825073257415811,0.908,0.876,0.0003662390139652,0.1388830702043368,0.826,0.788,0.0004164470523282
digits,2,2,4,0.143463524963094,0.826,0.832,0.05,0.0899779348056234,0.9,0.904,0.0008687838161542,0.1618147735837306,0.812,0.812,0.0001068297506813
digits,2,4,3,0.1444952636039323,0.81,0.752,0.05,0.0953956584047732,0.888,0.88,0.0003743520830807,0.1561514867940848,0.796,0.748,7.361768905933399e-05
digits,2,8,2,0.1456978750147182,0.812,0.78,0.05,0.0765539248324255,0.914,0.876,0.0002677888960314,0.1447419948796528,0.812,0.8,0.0002723547179152
digits,2,5,0,0.1148801143328606,0.85,0.836,0.05,0.0622327525317118,0.93,0.936,0.0005489643951946,0.1136939411097556,0.862,0.856,0.0002651520158163
digits,2,1,0,0.2317678902615728,0.638,0.644,0.05,0.1316226338826768,0.782,0.728,0.0027190650700768,0.2440726559043354,0.61,0.632,0.0003053984965605
digits,2,8,1,0.1037435149338773,0.874,0.82,0.05,0.08044451351602,0.91,0.876,0.0001688371861538,0.122951912485674,0.826,0.78,0.0002073085580825
digits,2,8,0,0.0862022524375063,0.9,0.904,0.05,0.0644812685594311,0.932,0.924,0.0005767123748152,0.1192568433323336,0.852,0.868,0.0004002533372847
digits,2,7,4,0.1078534852992781,0.862,0.8,0.05,0.0597098181041944,0.93,0.944,0.0006118556567957,0.1211136957201529,0.846,0.852,0.0001592060427869
digits,2,7,3,0.1332996313951927,0.834,0.744,0.05,0.0800844318514706,0.926,0.912,0.000263290364665,0.1551299701706271,0.796,0.7,0.0003580578813553
digits,2,7,2,0.1306118159216056,0.826,0.808,0.05,0.0726389915120882,0.914,0.9,0.0002158244581495,0.1429242253554288,0.804,0.772,0.0002835136862545
digits,2,7,1,0.0912870884159891,0.9,0.868,0.05,0.0710707997688678,0.928,0.888,0.00018019714599,0.1189477669143789,0.842,0.812,0.0002295154807297
digits,2,7,0,0.1051194134592261,0.868,0.88,0.05,0.0658135709696031,0.936,0.932,0.0002721508559793,0.119732908664416,0.844,0.832,0.0001975004766684
digits,2,6,4,0.1063333085843752,0.86,0.868,0.05,0.0684703023421154,0.928,0.936,0.0002145678101061,0.1064826683181957,0.858,0.852,0.0005312297494478
digits,2,6,3,0.1468487956905122,0.798,0.748,0.05,0.0825235402250738,0.916,0.908,0.0003448015636167,0.1531119124033378,0.792,0.724,0.0002458595974587
digits,2,6,2,0.1327732713935223,0.834,0.788,0.05,0.0789047850305788,0.918,0.896,0.0005375683938897,0.1499467156092174,0.784,0.736,0.0002110305051544
digits,2,6,1,0.100233410085686,0.874,0.816,0.05,0.069149916848192,0.93,0.912,0.0004172114227597,0.1195599686931129,0.854,0.816,0.0004687319277494
digits,2,6,0,0.1075041115208194,0.872,0.832,0.05,0.0719984685375964,0.924,0.916,0.0004716954750419,0.1203300678677113,0.846,0.856,0.0002929998520562
digits,2,5,4,0.104066768029898,0.874,0.844,0.05,0.0564965645905164,0.928,0.912,0.0005650203894384,0.1157162952188326,0.858,0.832,0.0003354940554724
digits,2,5,3,0.152270467944435,0.788,0.748,0.05,0.0799059356101467,0.91,0.904,0.0004675730877043,0.1599057064417957,0.772,0.72,0.000165016546613
digits,2,5,2,0.1385424599345343,0.814,0.764,0.05,0.0793120141592843,0.902,0.868,0.0002727680816162,0.1518597463584171,0.794,0.716,0.0006317990551601
digits,2,5,1,0.1125749186846941,0.866,0.832,0.05,0.0723941756614578,0.924,0.872,0.0003052455856149,0.1265278852796896,0.842,0.8,0.0005191425828626
digits,2,4,4,0.1136654878174494,0.854,0.852,0.05,0.071367252375107,0.918,0.908,0.000911350076471,0.1264838058130236,0.84,0.764,0.0001279537007011
digits,1,8,4,0.1185865813067016,0.842,0.796,0.05,0.0790090999014156,0.904,0.904,6.851690181044427e-05,0.1430402669689691,0.828,0.752,0.0007788859990678
digits,1,5,0,0.1371162846451689,0.818,0.804,0.05,0.0914623470574515,0.902,0.892,0.000875873146935,0.1350692487719912,0.816,0.804,0.0007900071005722
digits,1,8,2,0.1555284185810711,0.778,0.772,0.05,0.0988416776236363,0.872,0.86,0.0009428796831409,0.1648715592434456,0.786,0.724,8.297291203600647e-05
digits,1,3,4,0.1860605044004675,0.744,0.752,0.05,0.10569591132152,0.886,0.864,0.0019227579891642,0.1797314121471879,0.752,0.784,0.0006580992395883
digits,1,3,3,0.184526333316132,0.742,0.704,0.05,0.1350076445732662,0.808,0.848,0.000489193749125,0.1806630137717285,0.756,0.732,0.0008707942874448
digits,1,3,2,0.1846564996328678,0.752,0.748,0.05,0.111452689839567,0.852,0.82,0.0025741245072268,0.167568396766279,0.76,0.764,0.000782930462482
digits,1,3,1,0.1562726034806704,0.796,0.796,0.05,0.1078653761292184,0.878,0.884,0.0011796662008123,0.1423503385664118,0.828,0.768,0.000860733685986
digits,1,3,0,0.143400238521812,0.798,0.788,0.05,0.09050741039435,0.896,0.912,0.0007258580741103,0.1307625162906603,0.826,0.832,0.0028874866987927
digits,1,2,4,0.1654991368719344,0.814,0.848,0.05,0.1018320667945531,0.888,0.916,0.0030343885437304,0.2007480691390797,0.762,0.74,0.0001254152720166
digits,1,2,3,0.1734592885084122,0.772,0.76,0.05,0.1322850140971878,0.824,0.804,0.0024512941590147,0.1756969780540035,0.764,0.736,0.0015067407400718
digits,1,4,0,0.1415569012647091,0.814,0.816,0.05,0.1165201379867182,0.844,0.86,0.0021681059770356,0.1666091091639055,0.762,0.78,0.0007675391140382
digits,1,2,2,0.1889185153373645,0.724,0.724,0.05,0.1231738716682356,0.828,0.82,0.0129732912517044,0.1915833819419605,0.724,0.732,0.0004057250595794
digits,1,2,0,0.1583185054050869,0.81,0.812,0.05,0.0941268989506516,0.876,0.864,0.0028269840677924,0.1739916139559054,0.746,0.756,0.0012005740343275
digits,1,1,4,0.2327300386981758,0.624,0.568,0.05,0.1377254981255229,0.804,0.824,0.0040966264507174,0.232751341688771,0.616,0.564,0.0146005647790199
digits,1,1,3,0.2249273055033067,0.662,0.496,0.05,0.1639390513271526,0.77,0.784,0.000285354189344,0.2246738899758903,0.688,0.528,0.0057920401781559
digits,1,1,2,0.2665198387056545,0.6,0.632,0.05,0.1543545655261961,0.794,0.776,0.0040449634056502,0.2675558283640018,0.578,0.624,0.0021617706700128
digits,1,1,1,0.2212299412419987,0.66,0.676,0.05,0.1399879928466698,0.83,0.836,0.0465773851151822,0.2195850417355024,0.664,0.688,5.433747668742716e-05
digits,1,1,0,0.2847302820761813,0.598,0.604,0.05,0.1451965331180697,0.816,0.796,0.0249993978020112,0.2819919796987615,0.542,0.624,0.0465441203107285
digits,2,8,3,0.1517296786987413,0.814,0.764,0.05,0.0831228302643537,0.91,0.868,0.0001749035366059,0.1661688895253197,0.78,0.744,0.0004373219856609
digits,1,2,1,0.140642739905689,0.82,0.828,0.05,0.0979233004698071,0.882,0.88,0.0055249733188776,0.1810463105687149,0.742,0.788,0.0037455710965211
digits,1,4,1,0.1349653002281792,0.828,0.804,0.05,0.0920754183038893,0.888,0.86,0.0011273008942149,0.1424629920422949,0.834,0.828,0.0005432017791705
digits,1,4,2,0.1654845014484654,0.772,0.752,0.05,0.1050626488140292,0.868,0.868,0.0007798276617438,0.1487069719496512,0.794,0.784,0.0013914632827851
digits,1,4,3,0.1664979319157258,0.772,0.716,0.05,0.1242629244961516,0.846,0.824,0.0003654729734996,0.1779107195241427,0.746,0.72,0.0001239672189189
digits,1,8,1,0.1249573386346145,0.83,0.804,0.05,0.1011196611954789,0.872,0.868,8.070538849161183e-05,0.1319521464627771,0.83,0.796,0.0002020770920356
digits,1,8,0,0.1200762471035013,0.848,0.84,0.05,0.0918678879475742,0.888,0.876,0.0002412485523404,0.1486170545399791,0.79,0.796,0.000360582214393
digits,1,7,4,0.1431154971902306,0.824,0.78,0.05,0.084719139221582,0.898,0.912,0.0001257518208116,0.1197242550117361,0.86,0.828,0.0003224507478668
digits,1,7,3,0.1544962455176928,0.796,0.72,0.05,0.1046288021249669,0.872,0.812,0.0004244206035694,0.1756725260432149,0.752,0.656,0.0003564535230767
digits,1,7,2,0.1659097955212164,0.774,0.776,0.05,0.1026796095677255,0.868,0.832,0.0007922627331815,0.181252762513708,0.732,0.74,9.07199551350743e-05
digits,1,7,1,0.1084717302906252,0.86,0.84,0.05,0.0928471903744641,0.882,0.9,7.307912949047772e-05,0.1360605726209739,0.818,0.788,0.0011915898856176
digits,1,7,0,0.1187474810586819,0.84,0.824,0.05,0.0770476235556243,0.904,0.92,0.0007213403541231,0.1432786127638754,0.806,0.792,0.0001022557728644
digits,1,6,4,0.1131530661296307,0.852,0.852,0.05,0.0891833127989641,0.894,0.896,0.0007851860696505,0.1248734201934798,0.85,0.832,0.0001379953316159
digits,1,6,3,0.18982456451727,0.696,0.776,0.05,0.1341397601741176,0.808,0.86,0.0014798180101078,0.1721042036101521,0.75,0.684,0.0002663488339221
digits,1,6,2,0.1512415282270778,0.79,0.76,0.05,0.0928649636019277,0.882,0.832,0.0004134871934227,0.1519562252072125,0.768,0.772,0.0007724257122754
digits,1,6,1,0.120045327232719,0.842,0.784,0.05,0.0951178207605022,0.884,0.852,0.0008925677853277,0.1478373909118102,0.792,0.74,0.0005125981027834
digits,1,6,0,0.1502689350305042,0.804,0.76,0.05,0.0803162145551285,0.904,0.896,0.0002247909051135,0.1289946827291255,0.828,0.868,0.0003298359905683
digits,1,5,4,0.1229471333543672,0.842,0.848,0.05,0.1033665101435636,0.858,0.86,0.0011711124059069,0.1276285485929322,0.84,0.856,0.0003093949582612
digits,1,5,3,0.1793219711970417,0.752,0.7,0.05,0.1131609578601083,0.868,0.884,0.001728558713771,0.1829009429267569,0.712,0.628,0.0012488089777576
digits,1,5,2,0.1836147170665519,0.738,0.732,0.05,0.0892150582164996,0.888,0.872,0.0022591043164254,0.1595380636538854,0.76,0.776,0.0015984232135866
digits,1,5,1,0.1433706128889041,0.812,0.784,0.05,0.0767416879923774,0.912,0.932,0.0015430556248361,0.1421892316446308,0.816,0.792,0.0016035936724044
digits,1,4,4,0.1307123574516439,0.828,0.84,0.05,0.081550840012278,0.908,0.912,0.002843487862233,0.1528072651232244,0.804,0.748,0.0007064847577051
digits,1,8,3,0.1794095666195783,0.748,0.752,0.05,0.1155646627503912,0.848,0.844,0.0006648557547345,0.1843366121130128,0.738,0.692,0.00034428725124
digits,2,8,4,0.1107575036406391,0.846,0.82,0.05,0.0591081440256252,0.936,0.928,0.0001109647743537,0.1169508443338078,0.848,0.836,0.0002539113326996
fashion,1,1,0,0.1122156528608082,0.848,0.872,0.05,0.1003567930709113,0.89,0.756,0.0063435580154875,0.1105907303547752,0.858,0.872,0.0117854053391537
fashion,2,4,4,0.079804814550688,0.898,0.892,0.05,0.1006164077279889,0.874,0.844,0.0001697877856402,0.0908780218612393,0.88,0.832,0.0002031755406571
fashion,2,4,3,0.0793316121426106,0.908,0.86,0.05,0.0962211393839656,0.878,0.804,0.0001836235578389,0.0933878379358887,0.892,0.788,0.0009621767897368
fashion,2,4,2,0.1017767931283855,0.876,0.764,0.05,0.0953055703489912,0.882,0.744,0.0001390893270342,0.1060438593288101,0.858,0.664,0.0005422305762866
fashion,2,4,1,0.1084673022275025,0.852,0.764,0.05,0.1225211862939379,0.836,0.884,0.0007673113183167,0.1222381098402514,0.826,0.76,0.0007270175976696
fashion,2,4,0,0.0615945019990389,0.924,0.712,0.05,0.0786784212225993,0.898,0.716,0.0004310898619015,0.0720616839510446,0.906,0.724,0.0001997099192176
fashion,2,3,4,0.0811137774584503,0.894,0.904,0.05,0.0944543646832744,0.88,0.84,0.0001718906834115,0.0914865546954189,0.892,0.892,0.0008952753401924
fashion,2,3,3,0.0783959405997788,0.906,0.844,0.05,0.1083915431812446,0.872,0.864,0.000363462649289,0.092613080654327,0.888,0.816,0.0003116913555914
fashion,2,3,2,0.0946678323358643,0.9,0.712,0.05,0.1050314419255851,0.87,0.736,0.0009218594489515,0.1036081074932321,0.872,0.768,0.0006755948117247
fashion,2,5,0,0.0643594733365549,0.92,0.732,0.05,0.0769799356360541,0.918,0.76,0.0004565668794352,0.069091516420672,0.924,0.688,0.0008175791268202
fashion,2,3,1,0.1052091237919772,0.864,0.84,0.05,0.1138732900706717,0.85,0.872,0.0003404139758058,0.1143822635684768,0.866,0.776,0.0013235494848555
fashion,2,2,4,0.0805698329049153,0.88,0.88,0.05,0.1087999350639328,0.868,0.856,0.0009762176396403,0.094907511119307,0.884,0.888,0.0014106204805368
fashion,2,2,2,0.0937120085778021,0.89,0.792,0.05,0.1256005089024256,0.836,0.728,0.0010573287635793,0.1006683001911794,0.896,0.756,0.0011293767882345
fashion,2,2,1,0.1076721036033295,0.866,0.788,0.05,0.1260370821501243,0.836,0.872,0.0007276866757207,0.1365031309851536,0.832,0.608,0.0001984136433137
fashion,2,2,0,0.0775798820548147,0.912,0.752,0.05,0.0864740007463216,0.898,0.74,0.0017483580754975,0.0830840785108933,0.908,0.668,0.0015320572403013
fashion,2,1,4,0.105597046970667,0.858,0.836,0.05,0.1095343421757821,0.862,0.832,0.0002387279029529,0.1058288735246094,0.862,0.832,0.0053218928154607
fashion,2,1,3,0.0997243759342695,0.858,0.86,0.05,0.1156633338118006,0.858,0.824,0.0076996119071235,0.1001009805568904,0.86,0.852,0.0003882389164755
fashion,2,1,2,0.0965377848906129,0.872,0.82,0.05,0.10471037903246,0.87,0.764,0.0122229082130664,0.094394665001247,0.876,0.816,0.0078916469173761
fashion,2,3,0,0.0651017237301541,0.916,0.732,0.05,0.0940292966806634,0.89,0.764,0.0007858221577982,0.0875427179806598,0.878,0.716,0.0001845539939251
fashion,2,1,1,0.1221739654532299,0.836,0.824,0.05,0.1263390746771054,0.84,0.768,0.0035451626783455,0.1216783306879309,0.832,0.816,0.0018908633737101
fashion,2,5,1,0.1044828191613256,0.866,0.74,0.05,0.1116440899219829,0.844,0.824,0.0002937823356939,0.1185223463279292,0.854,0.652,0.0006490553510692
fashion,2,5,3,0.0730018092909725,0.912,0.836,0.05,0.1028758125248051,0.88,0.816,0.00035607637403,0.0871483476660077,0.894,0.804,0.0002952980687273
fashion,2,8,3,0.0780181257005908,0.896,0.824,0.05,0.0856512289160811,0.896,0.856,0.0004162778588752,0.0945512561491103,0.882,0.736,0.0004359890316777
fashion,2,8,4,0.0783150469366725,0.89,0.856,0.05,0.0792923772714325,0.912,0.784,0.0001876245346355,0.0841455164149632,0.898,0.824,0.0004575904718005
fashion,2,8,2,0.0843671531770181,0.906,0.768,0.05,0.0891588517037453,0.898,0.74,0.0002111542561206,0.0923319500509447,0.884,0.576,0.0001045306557119
fashion,2,8,1,0.1040668045950512,0.872,0.808,0.05,0.1067629124703115,0.854,0.84,0.0002340495429692,0.1153947422836871,0.848,0.692,0.0003632292697287
fashion,2,8,0,0.0723052856584325,0.924,0.704,0.05,0.0705783174567963,0.93,0.768,0.0002156895325601,0.0660566864190695,0.932,0.632,0.0002583237147879
fashion,2,7,4,0.0845599056442557,0.894,0.896,0.05,0.0759404735680849,0.894,0.796,9.844890369792905e-05,0.0875859260851726,0.882,0.856,0.0004902180296621
fashion,2,7,3,0.0764009445773267,0.902,0.816,0.05,0.0873440292501561,0.9,0.768,0.0001411392728439,0.0912301830617997,0.892,0.808,0.0001176608306621
fashion,2,5,2,0.0889268886477281,0.896,0.772,0.05,0.0876376516599575,0.89,0.752,0.0007905279276214,0.1018422001660551,0.87,0.696,0.0010758728047167
fashion,2,7,2,0.090108186814909,0.886,0.792,0.05,0.0895307855921754,0.902,0.74,0.0001393224288831,0.0929636670536322,0.89,0.736,0.0002933044900729
fashion,2,7,0,0.0674339797555335,0.908,0.7,0.05,0.0801933335791874,0.9,0.732,0.0001740911688524,0.074107341981907,0.916,0.688,0.0001214764368908
fashion,2,6,4,0.0856582762945643,0.894,0.824,0.05,0.0920274299441005,0.884,0.84,9.365762223207691e-05,0.0813298843178671,0.892,0.86,0.0003188893477823
fashion,2,6,3,0.0783978254191214,0.91,0.812,0.05,0.0859413932127141,0.896,0.84,0.0004733643619875,0.0899655643850644,0.9,0.812,0.0010037041995224
fashion,2,6,2,0.0843445686462155,0.898,0.784,0.05,0.0861173606816983,0.902,0.764,0.0002599856627472,0.1079375081290496,0.856,0.704,8.81489178394689e-05
fashion,2,6,1,0.1080505284638108,0.852,0.728,0.05,0.1145082546997319,0.866,0.808,0.0002919714611018,0.1179665134347154,0.846,0.764,0.0002184238488108
fashion,2,6,0,0.0639973010886894,0.924,0.72,0.05,0.0727804740705726,0.928,0.772,0.0002104169813193,0.0715557490453903,0.924,0.66,0.0001835356279194
fashion,2,5,4,0.0763307668537953,0.902,0.888,0.05,0.0838036843065722,0.89,0.88,0.0003631887128103,0.0827793171737164,0.886,0.844,0.0009445057085348
fashion,2,7,1,0.1025262610600605,0.86,0.792,0.05,0.1087291035689322,0.86,0.824,8.68697239542651e-05,0.1190081750378489,0.858,0.784,0.0002605928462014
fashion,2,1,0,0.1072956885867763,0.856,0.876,0.05,0.1077620286058635,0.872,0.752,0.0004138525230216,0.1081465855181727,0.86,0.872,0.0139494464182068
fashion,2,2,3,0.0828971148845694,0.896,0.8,0.05,0.1288389372022189,0.85,0.812,0.0007235355991524,0.092528886836436,0.88,0.824,0.0008861017933507
fashion,1,8,3,0.0865860970318469,0.894,0.804,0.05,0.1069285338797161,0.874,0.788,0.000190060893405,0.1100564718590101,0.846,0.836,0.0004866340367835
fashion,1,4,2,0.1239744751128865,0.836,0.676,0.05,0.0998770589085164,0.872,0.772,0.0002631099327295,0.1241329400470401,0.84,0.592,0.000527783034105
fashion,1,4,1,0.1363504635248793,0.802,0.696,0.05,0.1433728572757472,0.836,0.78,0.0005580770987695,0.14532917210135,0.81,0.672,0.0013334494771136
fashion,1,4,0,0.0693057110860243,0.922,0.692,0.05,0.0815464792181756,0.894,0.736,0.0003329140483409,0.0900027542859529,0.882,0.68,0.0006661397150849
fashion,1,3,4,0.091321885132555,0.884,0.88,0.05,0.1095961724865021,0.86,0.796,0.0007956779456728,0.0958691460470889,0.876,0.844,0.0012584694999284
fashion,1,3,3,0.0898216774739373,0.886,0.828,0.05,0.1339985364536206,0.824,0.804,0.000269517045218,0.1061097015282346,0.848,0.848,0.0004822421093131
fashion,1,8,4,0.0936318488752795,0.872,0.84,0.05,0.094586953312666,0.878,0.852,0.0001171794084673,0.0966381037832675,0.884,0.86,0.0002072627295211
fashion,1,3,1,0.1089056393437337,0.864,0.816,0.05,0.1481723083242908,0.806,0.804,0.0001269956221841,0.1135719958674424,0.844,0.788,0.0013444467416737
fashion,1,3,0,0.0705263468408669,0.91,0.708,0.05,0.086389004078318,0.904,0.776,0.0020001782755022,0.0794975388628888,0.896,0.644,0.0023343882554589
fashion,1,2,4,0.1099771460926098,0.852,0.844,0.05,0.1073315690720514,0.872,0.852,0.0029173240096116,0.1126532854367654,0.84,0.84,0.0044761470000106
fashion,1,2,3,0.1125288171559174,0.852,0.788,0.05,0.1092277529858028,0.85,0.836,0.0008976450170615,0.1123950541797254,0.85,0.792,0.0003549597828854
fashion,1,2,2,0.1688961930675175,0.766,0.704,0.05,0.1077561450882784,0.876,0.748,0.0001130690104281,0.1624930388883121,0.77,0.672,0.0004994891043235
fashion,1,2,1,0.1678775243623451,0.774,0.608,0.05,0.1229767129922038,0.842,0.764,0.0003514475896378,0.1591592776791662,0.774,0.628,0.0050905928539566
fashion,1,2,0,0.0869760308806899,0.898,0.704,0.05,0.1038457755246097,0.868,0.752,0.0004478591886953,0.0935552462280385,0.886,0.724,0.0010483258555488
fashion,1,1,4,0.1093520581187261,0.854,0.832,0.05,0.1043406117393006,0.892,0.828,7.918390242876071e-05,0.1091885356766772,0.858,0.828,0.0063585743136797
fashion,1,1,3,0.1071909600204778,0.838,0.828,0.05,0.1274701106243022,0.844,0.82,0.0109940757318185,0.1066716079174981,0.838,0.832,0.0001532772001233
fashion,1,1,2,0.1011035500064109,0.862,0.82,0.05,0.1303475593854176,0.822,0.788,0.0085644729948262,0.1006723780567063,0.868,0.836,0.0002196665260633
fashion,1,1,1,0.1280422066345477,0.824,0.848,0.05,0.1406048248854001,0.81,0.82,0.0035589318687527,0.1278637375052417,0.82,0.848,0.0002942584181648
fashion,1,4,3,0.0963565089103983,0.882,0.82,0.05,0.1156491450744742,0.854,0.836,0.0003305168682846,0.1048534618052876,0.87,0.824,0.0011225179500914
fashion,1,4,4,0.1116353658318906,0.868,0.804,0.05,0.1077810742982533,0.874,0.82,0.0001662171538563,0.096343345084253,0.87,0.844,6.835945229552997e-05
fashion,1,3,2,0.1371279788843844,0.812,0.672,0.05,0.1093805026471887,0.856,0.784,0.0022494484196682,0.1253247291402789,0.83,0.7,0.0005015629280076
fashion,1,8,2,0.1078960546351819,0.878,0.728,0.05,0.0893177466987209,0.906,0.772,0.0005301790136606,0.108330679506674,0.868,0.668,0.0006194631962468
fashion,1,5,0,0.0774953512889734,0.912,0.72,0.05,0.084272075838739,0.898,0.764,0.0008936394119172,0.0931683812446938,0.892,0.708,0.0001075127629008
fashion,1,8,1,0.1146090721984095,0.844,0.8,0.05,0.1202213959349752,0.846,0.768,0.0007056076948564,0.118499563777176,0.848,0.628,0.0003079753599324
fashion,1,8,0,0.0814763236776434,0.89,0.724,0.05,0.0889498092898769,0.874,0.732,0.00081716175882,0.0782761620345058,0.898,0.732,0.0002806405963916
fashion,1,7,4,0.0892062957192781,0.89,0.888,0.05,0.0830527186792733,0.9,0.836,0.0005320254414469,0.1113240412297282,0.846,0.768,9.55303697140403e-05
fashion,1,7,3,0.1018960696589956,0.866,0.776,0.05,0.1064212670374714,0.854,0.804,0.0001527896519773,0.1055489584889417,0.854,0.784,0.0002312426905595
fashion,1,7,2,0.105704834240207,0.872,0.748,0.05,0.1130295540928269,0.846,0.616,0.0002712690856826,0.1053533049454137,0.884,0.732,0.0007012861169416
fashion,1,7,0,0.0719867565437612,0.91,0.696,0.05,0.0874229960439558,0.882,0.768,0.0002051863642554,0.0835383944520609,0.888,0.744,0.0002603849794272
fashion,1,6,4,0.0866055450819865,0.894,0.856,0.05,0.0899519257022847,0.884,0.808,0.000364646091946,0.0998619750473055,0.872,0.864,0.0001276285025091
fashion,1,7,1,0.1043110900523655,0.86,0.76,0.05,0.116269809595191,0.842,0.836,0.0001857939962622,0.1305693263196484,0.834,0.74,0.0008275038373443
fashion,1,6,2,0.1256199705812295,0.84,0.708,0.05,0.1018789413020445,0.87,0.744,0.0001028662221839,0.1341865829260618,0.82,0.632,0.000468920690305
fashion,1,6,1,0.1212158740236145,0.84,0.704,0.05,0.1168431517178361,0.844,0.768,0.0009853998734704,0.122057906989257,0.834,0.776,0.0003782863475991
fashion,1,6,0,0.0765559035236057,0.898,0.712,0.05,0.0798677886963423,0.916,0.788,8.919595515072291e-05,0.0793391226180824,0.912,0.736,0.0001159081106756
fashion,1,5,4,0.0796969461537251,0.884,0.872,0.05,0.0977547286113541,0.888,0.832,6.552777455967517e-05,0.0841491030818981,0.886,0.836,0.0009485454697961
fashion,1,5,3,0.0833974465727368,0.894,0.824,0.05,0.1055396081054411,0.844,0.864,0.0021136798639989,0.1078758543037979,0.852,0.8,0.0009007298068801
fashion,1,5,2,0.125265818055659,0.834,0.676,0.05,0.1386729253787562,0.824,0.768,0.0011433493469385,0.1185806669956126,0.84,0.728,0.0020893999111641
fashion,1,5,1,0.1182576292198856,0.856,0.764,0.05,0.1340498881864966,0.8,0.8,0.0001256397439491,0.1201540652481573,0.838,0.792,0.0001039486058632
fashion,1,6,3,0.1030023277125533,0.872,0.792,0.05,0.1163589843433054,0.86,0.784,0.000238135096439,0.1070977934645449,0.868,0.768,0.0015707720776098
helix,2,4,4,0.1264472798076711,0.826,0.656,0.05,0.1976262691511495,0.63,0.608,0.0001970441469325,0.1751999904205035,0.742,0.672,0.0002000579637165
helix,2,3,3,0.1468955871198902,0.846,0.752,0.05,0.209553195525366,0.66,0.628,9.743893591500307e-05,0.1861830939294972,0.724,0.668,0.0003071101333968
helix,2,4,3,0.1284606810688055,0.87,0.796,0.05,0.1878043069900248,0.69,0.676,0.0002593634368056,0.1711376165742421,0.768,0.724,0.0007405334727139
helix,2,4,2,0.1781448684374306,0.728,0.696,0.05,0.1982750403257464,0.672,0.6,7.9570418122177e-05,0.1725189168823259,0.772,0.716,0.0005597081907726
helix,2,4,1,0.1492355185902022,0.816,0.784,0.05,0.1907385810302994,0.73,0.724,0.0006458315280154,0.1819369800957203,0.726,0.712,0.0004341113968793
helix,2,4,0,0.130075034036215,0.862,0.84,0.05,0.1936226756014735,0.69,0.688,0.0001934511387804,0.1773468913650745,0.758,0.768,0.0002897666504303
helix,2,3,4,0.1751000754531768,0.758,0.64,0.05,0.205558177282988,0.64,0.628,0.0003708524230251,0.1769150630731991,0.754,0.684,0.0004162480253559
helix,2,3,2,0.1764495500696066,0.76,0.712,0.05,0.2094687470656167,0.64,0.604,0.000603843281914,0.2058542687161299,0.678,0.648,6.760186324129474e-05
helix,2,1,3,0.2248258126976658,0.65,0.644,0.05,0.2482079396622066,0.482,0.432,5.088974755065758e-05,0.2284529627712155,0.682,0.652,0.0012896211652904
helix,2,3,0,0.1527897948048296,0.822,0.764,0.05,0.1941284356642058,0.728,0.676,0.0002298163939903,0.1965300503139519,0.71,0.712,6.467526310551935e-05
helix,2,2,4,0.1854483291066284,0.758,0.688,0.05,0.2130396871226569,0.634,0.556,0.0001567347970185,0.193886556857325,0.692,0.632,0.0011695555732969
helix,2,2,3,0.1734247722802195,0.768,0.672,0.05,0.2254684443939554,0.636,0.596,0.0009010994898065,0.2065592502769009,0.654,0.576,0.0007374161790122
helix,2,2,2,0.219235459066602,0.626,0.608,0.05,0.2313502622674377,0.626,0.6,0.0019820627667158,0.2239707496767174,0.646,0.62,0.0014132153019815
helix,2,2,1,0.1974022764411753,0.706,0.684,0.05,0.2249148617509441,0.626,0.648,0.002248101057935,0.2188346467894728,0.634,0.648,0.0010382772403317
helix,2,2,0,0.1829657846133416,0.754,0.748,0.05,0.2272996989853828,0.554,0.496,0.0008653335961949,0.2191243401118652,0.662,0.668,0.0003694036784222
helix,2,1,4,0.2132402283700914,0.726,0.636,0.05,0.2333254562491188,0.58,0.496,0.0056799914775626,0.2130847858835868,0.758,0.66,0.007956779408059
helix,2,5,0,0.1394295283919542,0.814,0.804,0.05,0.1811790803283327,0.716,0.684,0.0003175064268235,0.1633671938138166,0.782,0.74,0.0001516000138899
helix,2,3,1,0.160777773449283,0.796,0.812,0.05,0.2102414809173013,0.636,0.644,0.0007108660461345,0.1964100847378463,0.674,0.66,0.0014321973037803
helix,2,5,1,0.1283188115815984,0.856,0.828,0.05,0.1851050875525753,0.712,0.66,0.0001826065277718,0.1553724175494484,0.79,0.772,0.0003123598191551
helix,2,1,0,0.2161271163693761,0.718,0.684,0.05,0.2249848894051701,0.62,0.62,0.0028420272604753,0.2198555878668297,0.7,0.696,0.0004800033907908
helix,2,5,3,0.1195284738391919,0.87,0.792,0.05,0.1826167961422972,0.708,0.688,0.0004940754263352,0.1448661306513028,0.826,0.68,0.0001777006290375
helix,2,1,2,0.2450246952796342,0.62,0.588,0.05,0.2440104983068741,0.566,0.532,0.0025212836837586,0.2497711013901195,0.65,0.656,0.0343697199169136
helix,2,8,4,0.1246017640350546,0.848,0.68,0.05,0.1729838261554597,0.73,0.612,0.0001102098246567,0.1340861444890977,0.822,0.708,0.0002166166021653
helix,2,8,3,0.1168720511105761,0.87,0.784,0.05,0.169297478572276,0.766,0.732,0.0001352101682989,0.1437697074290125,0.812,0.724,0.0001183698198689
helix,2,8,2,0.104280623080608,0.88,0.764,0.05,0.1773600381232942,0.748,0.704,0.0001483008760931,0.1413601374525225,0.818,0.74,0.0003773691307003
helix,2,8,1,0.121990409735532,0.852,0.828,0.05,0.1707407106581651,0.758,0.728,0.000193374984602,0.145488617234751,0.802,0.736,0.000142283097516
helix,2,8,0,0.1378579211939867,0.802,0.748,0.05,0.16438884601134,0.792,0.74,0.0001732382397228,0.1312462700767582,0.866,0.78,0.0002707614876726
helix,2,7,4,0.1110298610402474,0.862,0.732,0.05,0.1967324345868981,0.69,0.604,0.0001103799471042,0.1488778093045037,0.804,0.644,8.360764845283223e-05
helix,2,7,3,0.1192848421947966,0.842,0.784,0.05,0.1720840483357378,0.73,0.724,0.0001164756858894,0.1473004831095959,0.796,0.704,0.0001773831659113
helix,2,7,2,0.1125372307767631,0.866,0.732,0.05,0.1803335228434621,0.748,0.688,0.0001829002731455,0.1471602820513259,0.806,0.708,0.0002376027013469
helix,2,7,1,0.1196029314050488,0.854,0.836,0.05,0.1763104708909165,0.726,0.704,0.0001911419024398,0.1424752048796138,0.792,0.82,0.0002303715935606
helix,2,7,0,0.1235369620663712,0.844,0.812,0.05,0.1708808931259114,0.752,0.72,9.275828231723886e-05,0.1351958291201611,0.832,0.768,0.0003463740388701
helix,2,6,4,0.1082725667012438,0.87,0.724,0.05,0.1775635309689943,0.722,0.556,0.0001067514523574,0.15404142043532,0.812,0.724,0.0005120949410954
helix,2,6,3,0.110744182895599,0.882,0.796,0.05,0.1850805923705663,0.674,0.656,0.0001386039530598,0.1384206218975043,0.828,0.792,0.0003348915123027
helix,2,6,2,0.1158451865061268,0.874,0.744,0.05,0.1793079889390989,0.712,0.648,0.0002079343578557,0.1619331133284732,0.786,0.68,0.0005626255681339
helix,2,6,1,0.1339872905106003,0.848,0.784,0.05,0.1724739126777673,0.754,0.736,0.0001948046292336,0.1498013852731056,0.808,0.764,0.0005648728870642
helix,2,6,0,0.1243862690318711,0.84,0.788,0.05,0.1747360402907681,0.748,0.708,0.000478372748761,0.1592429645265017,0.78,0.784,0.0002707171842376
helix,2,5,4,0.1144480363853764,0.884,0.72,0.05,0.1809475249855474,0.7,0.684,0.0001841699682996,0.1559263089748649,0.784,0.704,0.000476522268885
helix,2,5,2,0.146230172564805,0.794,0.708,0.05,0.1891838178001794,0.726,0.74,0.0002653838279162,0.1713852880193712,0.762,0.652,0.0004162876298134
helix,2,1,1,0.2482515338034743,0.592,0.62,0.05,0.2390876280836289,0.516,0.484,0.0010716405280817,0.2601451364889255,0.602,0.612,0.0343759917845363
helix,1,4,4,0.1784987157302848,0.744,0.616,0.05,0.2501978047267167,0.614,0.608,0.0012148504685394,0.2039183037172476,0.682,0.648,0.000505018109391
helix,1,8,4,0.1911256350458525,0.716,0.628,0.05,0.2238342226840964,0.604,0.604,0.0002420901858003,0.1726635443866079,0.754,0.732,0.000290175270206
helix,1,4,1,0.2242255694825571,0.672,0.664,0.05,0.206853697946231,0.67,0.684,0.0002109965685058,0.2371696622461746,0.626,0.628,0.0008717976704747
helix,1,4,0,0.1806372518388485,0.74,0.68,0.05,0.2262684470344474,0.65,0.648,8.081166441642258e-05,0.2468850954542612,0.618,0.532,0.0013272313914445
helix,1,3,4,0.2173099005687585,0.672,0.636,0.05,0.2465836659272272,0.58,0.632,0.000759055488365,0.2309264320323689,0.638,0.544,0.000235589599364
helix,1,3,3,0.2151673668469873,0.646,0.648,0.05,0.2236293636895418,0.606,0.616,0.0005327900094633,0.2429438997113363,0.6,0.588,0.0007168234914096
helix,1,3,2,0.2384240950342034,0.636,0.616,0.05,0.232179817177446,0.582,0.58,0.001712177409933,0.240072650759976,0.61,0.652,0.0001427321332576
helix,1,3,1,0.2393894849480585,0.652,0.604,0.05,0.2429688408647568,0.576,0.544,0.0003426493819212,0.2409838490754943,0.634,0.616,0.0014657513967413
helix,1,3,0,0.2168355048853939,0.63,0.616,0.05,0.2164186166022892,0.632,0.604,0.0016275180350874,0.2493146390576095,0.622,0.592,0.0001670483497971
helix,1,4,2,0.2335589135591793,0.596,0.56,0.05,0.2101815945694091,0.66,0.672,5.218372982662675e-05,0.2244702805990633,0.636,0.584,0.0003395663831516
helix,1,2,4,0.2496347425319467,0.598,0.592,0.05,0.2350633399396571,0.56,0.568,0.0001746690628504,0.2587436302476353,0.534,0.524,0.0019457840458062
helix,1,2,2,0.2461362076227737,0.53,0.532,0.05,0.2396815246889083,0.512,0.496,0.0025988272746871,0.2655694935371361,0.558,0.58,0.0035904174804786
helix,1,2,1,0.2317200843415024,0.58,0.596,0.05,0.2403558577704057,0.574,0.576,0.003163585703898,0.2346597726198819,0.624,0.668,0.0083903030908952
helix,1,2,0,0.2552122792662069,0.558,0.496,0.05,0.2295965732430945,0.552,0.548,9.913598786387076e-05,0.2670549962339258,0.564,0.56,0.0027125787649212
helix,1,1,4,0.2190564109381368,0.734,0.656,0.05,0.2242992584927542,0.578,0.644,0.0111921120512508,0.2186164727856647,0.742,0.636,0.0140480163102014
helix,1,1,3,0.2473985420065204,0.668,0.672,0.05,0.2363386864768982,0.608,0.576,0.0139877456885817,0.2455587993634995,0.682,0.652,0.0066495198637507
helix,1,1,2,0.2543595813860859,0.646,0.676,0.05,0.2362138630274224,0.578,0.608,0.0125308366750356,0.2538090912145544,0.676,0.692,0.0194202178153973
helix,1,1,0,0.2279106775797075,0.646,0.616,0.05,0.2183574212418648,0.588,0.572,0.0165071395967971,0.2225496696229826,0.724,0.688,0.0084842065387225
helix,1,2,3,0.2440221721521695,0.628,0.628,0.05,0.2597743358019595,0.488,0.492,0.0013850058256258,0.2346235098389933,0.572,0.516,0.0024137503308861
helix,1,4,3,0.1902627241398581,0.734,0.712,0.05,0.2239651374509108,0.626,0.612,0.0007694992160627,0.2143168669609202,0.682,0.588,0.0013643254781006
helix,1,1,1,0.2766777322731786,0.634,0.608,0.05,0.2389720322843055,0.544,0.512,0.0215074394389783,0.2765547976585443,0.666,0.608,0.0160960956348944
helix,1,7,3,0.1810980381948608,0.746,0.668,0.05,0.2105238755223917,0.648,0.676,0.0002975473602131,0.2097014212904149,0.68,0.64,0.0007835863231826
helix,1,8,3,0.1829755810425737,0.712,0.66,0.05,0.2026634268302646,0.692,0.676,0.0001713619814905,0.1671258862963272,0.77,0.664,0.0003545982839112
helix,1,8,2,0.1686436606473309,0.736,0.7,0.05,0.1922260868136162,0.686,0.636,0.0004989447126905,0.1917732775526625,0.738,0.632,0.000385124899627
helix,1,8,1,0.1807312162763033,0.742,0.7,0.05,0.2160113165163418,0.642,0.564,0.0002331551907424,0.2043213689455732,0.672,0.648,0.0001433904942638
helix,1,8,0,0.1899071706762509,0.714,0.668,0.05,0.1900088224650576,0.692,0.652,0.0001967375993077,0.1850817434049417,0.716,0.62,8.218642156896306e-05
helix,1,7,4,0.197221436996525,0.686,0.6,0.05,0.2175065131095522,0.632,0.572,5.0086451629902856e-05,0.180615704285681,0.732,0.696,0.0003934628594017
helix,1,7,2,0.1894665298233082,0.718,0.644,0.05,0.2164768325843007,0.632,0.66,0.0003039852248876,0.1837424672126035,0.73,0.584,0.0003375751193939
helix,1,7,1,0.1717861153651988,0.744,0.74,0.05,0.208457957109216,0.698,0.708,0.000303093041653,0.2030797681616146,0.7,0.7,0.0011540098828428
helix,1,7,0,0.1765146722267838,0.74,0.744,0.05,0.1894899194787194,0.712,0.668,8.128502271511839e-05,0.1994776713371875,0.716,0.696,0.0001052400570069
helix,1,5,0,0.1949802147557678,0.726,0.656,0.05,0.2021242848404032,0.672,0.644,0.0001888710806138,0.203148230427357,0.7,0.668,0.000784219294426
helix,1,6,3,0.2132313673969243,0.678,0.636,0.05,0.2280846914984276,0.66,0.644,0.0001322020452261,0.1904350895964332,0.716,0.684,0.0003249054340017
helix,1,6,2,0.1979485478540329,0.716,0.636,0.05,0.2079110496688255,0.664,0.676,0.0010086716785766,0.1897450018041665,0.724,0.68,0.0006938826681021
helix,1,6,1,0.1841338665758966,0.71,0.716,0.05,0.2145953731058582,0.67,0.688,0.0001474250619579,0.1989092353389216,0.714,0.668,0.0004306157888579
helix,1,6,0,0.1921800145018996,0.744,0.736,0.05,0.1791908995678328,0.756,0.708,0.0003196819309878,0.1977378682016926,0.69,0.664,0.0010196151586671
helix,1,5,4,0.1917174702485884,0.728,0.648,0.05,0.2299010274425935,0.596,0.592,0.0006835688035501,0.2158468442321374,0.636,0.592,0.0002763121152676
helix,1,5,3,0.1984539805207066,0.702,0.696,0.05,0.2407965008083676,0.588,0.568,0.0003010843824958,0.1895553071351048,0.702,0.66,0.0003866674080013
helix,1,5,2,0.2054885791479709,0.696,0.68,0.05,0.2303984438831158,0.586,0.548,0.0013723019271205,0.2123230416229063,0.706,0.608,0.0006941502053696
helix,1,6,4,0.1557500649556837,0.792,0.732,0.05,0.2102917534675156,0.66,0.664,0.0002914623140551,0.2000321167819545,0.708,0.62,0.0001234980807397
helix,1,5,1,0.1767489288315271,0.754,0.744,0.05,0.20958219532538,0.656,0.66,0.0005187966837418,0.2089814610910531,0.716,0.668,0.0001449726151415
shell,2,3,1,0.1897279756551318,0.7,0.64,0.05,0.1087498563451675,0.88,0.876,0.0004433730084361,0.194882950646888,0.704,0.664,0.0005345426648411
shell,2,3,2,0.1549874816445383,0.772,0.656,0.05,0.1189027036139397,0.876,0.864,0.0009297342462438,0.1652430604339235,0.756,0.708,0.0004281483575449
shell,2,3,3,0.1618845528190888,0.778,0.644,0.05,0.1177700388882216,0.89,0.824,0.0001307756915872,0.1731880765993983,0.77,0.648,0.0003608952789575
shell,2,4,1,0.1707379540931729,0.756,0.748,0.05,0.114580475556559,0.894,0.836,0.0001043725206911,0.1937199074892545,0.712,0.676,0.0002454154825001
shell,2,4,0,0.1693784107230003,0.764,0.664,0.05,0.1028017986070889,0.91,0.9,0.0005015223925514,0.1804137293945182,0.744,0.612,0.0002548666012436
shell,2,3,0,0.1667715035229388,0.74,0.7,0.05,0.0937527499754926,0.916,0.856,0.0003318583877124,0.1912242162019894,0.714,0.62,0.0012095835790755
shell,2,3,4,0.1760956208380855,0.744,0.696,0.05,0.1192271027113886,0.86,0.8,0.0002842497189773,0.2006559751297343,0.692,0.632,0.000980564116149
shell,2,1,0,0.2187034511064365,0.654,0.636,0.05,0.1683393372426238,0.764,0.796,0.0017986893304027,0.2316370051574911,0.616,0.612,0.0044804093955159
shell,2,1,1,0.2110526402213683,0.668,0.584,0.05,0.1597970707444902,0.784,0.772,0.0004718024884128,0.2200973519270778,0.662,0.592,0.0031242330407455
shell,2,2,3,0.1810349023554057,0.738,0.656,0.05,0.1263133615586914,0.856,0.832,0.0004851362743972,0.1909986457140516,0.718,0.652,0.0002337812078671
shell,2,2,2,0.1780446031180419,0.76,0.656,0.05,0.1290993067223126,0.86,0.848,0.0002734396027971,0.1895267551702651,0.712,0.62,0.0004496166595731
shell,2,2,1,0.196739613059777,0.704,0.608,0.05,0.1467517686096894,0.8,0.724,0.0019589616526931,0.2091273161628387,0.67,0.64,0.0007563390699301
shell,2,2,0,0.1841494370287274,0.698,0.56,0.05,0.1274067831995071,0.858,0.824,0.0010314882251081,0.1877448979350593,0.728,0.696,0.0006406926727285
shell,2,1,4,0.210350439551224,0.678,0.704,0.05,0.1584896792117888,0.792,0.68,0.005865308518652,0.2120797362034599,0.676,0.68,0.0014758259476463
shell,2,1,3,0.2019052113441112,0.662,0.592,0.05,0.1566796390684745,0.77,0.748,0.0002102998004414,0.2118463046091773,0.69,0.64,0.0004417903501854
shell,2,1,2,0.2010844082812675,0.704,0.648,0.05,0.1610511397199215,0.774,0.728,0.0171364378482739,0.2113615626517789,0.68,0.656,0.0002263368246743
shell,2,4,2,0.1524374846228635,0.802,0.72,0.05,0.1059540236968629,0.906,0.864,0.0001949350738636,0.1717913471549529,0.736,0.692,0.0001794636365943
shell,2,2,4,0.195941592528373,0.72,0.7,0.05,0.1239022483566907,0.86,0.776,0.0012942330587984,0.1947232623157,0.71,0.708,0.0002508693196017
shell,2,4,3,0.1590566101939147,0.774,0.668,0.05,0.1095680561917909,0.876,0.828,0.0004436923124893,0.1700161846398485,0.73,0.612,0.0002774258195264
shell,2,6,3,0.14879167322427,0.778,0.692,0.05,0.1087556522468605,0.908,0.864,0.0001149863685093,0.1760175084986843,0.736,0.592,7.515620829348696e-05
shell,2,5,0,0.158914203766001,0.786,0.632,0.05,0.0990787766028005,0.902,0.884,0.0004132979853774,0.1836894724969173,0.704,0.596,0.0003167258399091
shell,2,8,2,0.1622504580842574,0.784,0.644,0.05,0.098325433504838,0.874,0.864,0.000502345424717,0.1545742914041694,0.794,0.62,0.0002559282681108
shell,2,8,1,0.1554658302731641,0.772,0.632,0.05,0.0859547752552392,0.924,0.872,0.0004414347188793,0.1680916555030003,0.748,0.648,0.0001553958303977
shell,2,8,0,0.1447651518899096,0.806,0.64,0.05,0.0872516014564969,0.92,0.888,0.0003928507214146,0.1690686226385655,0.762,0.62,0.0001035242067112
shell,2,7,4,0.1550892706737635,0.782,0.624,0.05,0.084617011435928,0.94,0.82,0.0003027008428206,0.184968413227239,0.736,0.612,0.000168068395176
shell,2,7,3,0.1448760323544561,0.812,0.676,0.05,0.1033928654910016,0.91,0.828,0.0005109493327239,0.1683595513719732,0.768,0.636,0.0003123261045034
shell,2,7,2,0.1544558469130222,0.792,0.656,0.05,0.1068186896992008,0.9,0.836,0.0002431705789648,0.164788696837283,0.764,0.652,0.0002529505528704
shell,2,7,1,0.1531552166728989,0.784,0.692,0.05,0.1005015821521362,0.896,0.848,0.0004453533694292,0.1914461530555343,0.69,0.604,0.0001716434790034
shell,2,4,4,0.1613386143327893,0.768,0.652,0.05,0.0836687978139793,0.922,0.812,0.0004121268886799,0.1962595376590586,0.692,0.652,0.0002671786338411
shell,2,7,0,0.1608087121929871,0.752,0.72,0.05,0.1002577356435026,0.894,0.868,0.0004097976942373,0.1684598102140249,0.756,0.632,0.0003707170395656
shell,2,6,2,0.1382183368129143,0.818,0.66,0.05,0.1095175361361272,0.86,0.848,0.0007000203510327,0.1614362457803286,0.79,0.696,0.0002539570035921
shell,2,6,1,0.1598679280587022,0.772,0.676,0.05,0.1028665088811401,0.908,0.868,0.0001196877679777,0.1837875540587343,0.744,0.66,0.0001699126572317
shell,2,6,0,0.1557445716892208,0.786,0.632,0.05,0.1068724610634488,0.874,0.856,0.0003781183884842,0.1780676552560337,0.736,0.632,0.000186201608142
shell,2,5,4,0.1693197787034835,0.76,0.68,0.05,0.0844300333723002,0.932,0.824,0.0003768469950405,0.1744595965267336,0.748,0.712,0.0002039466736859
shell,2,5,3,0.1514753329136631,0.786,0.652,0.05,0.1019434816211946,0.886,0.804,0.0002514832305509,0.163571593888229,0.782,0.644,0.000633524094255
shell,2,5,2,0.1511295453176716,0.78,0.684,0.05,0.112527127841329,0.872,0.86,0.0004646177206113,0.1662693196415872,0.76,0.664,0.0001982014230535
shell,2,5,1,0.1616486378171074,0.762,0.7,0.05,0.1018388357478772,0.908,0.828,0.0003121824240933,0.1804230542062773,0.75,0.684,0.0003722310732648
shell,2,6,4,0.1722430587803189,0.766,0.624,0.05,0.0913595324320773,0.914,0.812,0.0006551462762835,0.1787838007788468,0.742,0.632,0.0002436278442605
shell,1,8,4,0.186659986945315,0.738,0.6,0.05,0.096495194147651,0.902,0.84,0.0013819363115682,0.2086036817433708,0.686,0.616,0.0006308263310209
shell,1,1,0,0.2674185718502337,0.604,0.58,0.05,0.2818592519695504,0.54,0.548,0.0039776327076046,0.2664105652294284,0.614,0.576,5.181524938222635e-05
shell,1,8,2,0.1743214044807854,0.752,0.68,0.05,0.1403008200302688,0.786,0.796,0.0001118852523388,0.1868144747775962,0.728,0.644,0.0010000980152453
shell,1,4,0,0.1951721227702349,0.714,0.676,0.05,0.1421365519716484,0.786,0.756,0.0020391622854056,0.205940002582916,0.69,0.66,0.0020558810201786
shell,1,3,4,0.2234627320618538,0.668,0.668,0.05,0.1622456351551256,0.8,0.728,0.0001625638435341,0.2309417189751651,0.682,0.684,0.001324289011318
shell,1,3,3,0.1970881070094486,0.72,0.608,0.05,0.1537433240901857,0.802,0.792,0.00072984694964,0.2018426898113597,0.696,0.696,0.0006613292388077
shell,1,3,2,0.1892363955018644,0.728,0.636,0.05,0.1448627120616715,0.806,0.76,0.0012496574087788,0.2064548217921214,0.686,0.636,0.0007965286056521
shell,1,3,1,0.220168980850507,0.682,0.68,0.05,0.1369464554309787,0.814,0.744,0.0048969731126517,0.2176957552081784,0.672,0.628,0.0003955882428678
shell,1,3,0,0.1940317402333047,0.712,0.664,0.05,0.1389285281392332,0.786,0.816,0.0003317553409051,0.2086556209179747,0.68,0.632,0.0018841568424027
shell,1,2,4,0.2786801731099156,0.57,0.616,0.05,0.1524831037333677,0.786,0.788,0.0056508488416487,0.2454683974618503,0.626,0.596,0.0003896622152591
shell,1,4,1,0.2062072835539155,0.696,0.644,0.05,0.1320212125169768,0.834,0.808,0.0002899789081003,0.2309438689551539,0.65,0.576,0.0001879228751126
shell,1,2,3,0.2282248801118666,0.644,0.572,0.05,0.14940656484146,0.824,0.796,0.0043935075705367,0.2399375987033505,0.632,0.536,0.0013890334074836
shell,1,2,1,0.2409671876523839,0.622,0.548,0.05,0.1589412497126223,0.782,0.748,0.0100778589166125,0.2572040366471942,0.588,0.58,0.0036531393505887
shell,1,2,0,0.2422447818704182,0.626,0.616,0.05,0.1713501473958452,0.782,0.792,0.0029144309636768,0.2462712148617968,0.622,0.588,0.0005667890284874
shell,1,1,4,0.2426323807888853,0.654,0.684,0.05,0.2947001551286468,0.558,0.464,0.0308704351034994,0.2436803288757887,0.66,0.672,0.0034672992897819
shell,1,1,3,0.2446468922515915,0.656,0.628,0.05,0.2888828354411989,0.53,0.532,0.0025368674092938,0.2445020125927384,0.662,0.624,5.113500472035322e-05
shell,1,1,2,0.2555956303350581,0.64,0.612,0.05,0.2869341680307873,0.486,0.528,0.0146136987767243,0.2556288020195353,0.64,0.612,0.0048894226938778
shell,1,1,1,0.2529717685363161,0.646,0.564,0.05,0.2974074207456334,0.48,0.516,5.041874427793579e-05,0.249827344444196,0.632,0.572,0.0410651069257124
shell,2,8,3,0.1468404668523656,0.778,0.628,0.05,0.0932892454925848,0.906,0.828,0.0004829374118916,0.1540398391348591,0.776,0.608,0.0002507060593864
shell,1,2,2,0.2211948108591219,0.668,0.596,0.05,0.1536026737390593,0.796,0.764,0.0016421483337908,0.2223761822606669,0.664,0.592,0.0005491685325486
shell,1,4,2,0.1827091542371965,0.712,0.604,0.05,0.1247279801995601,0.842,0.856,0.0001447958993169,0.1986906013459316,0.728,0.68,0.0004940639254401
shell,1,4,3,0.2119975538663947,0.694,0.62,0.05,0.128384225454238,0.846,0.812,0.0004185448113557,0.2178652205761486,0.696,0.604,0.0010930486605313
shell,1,4,4,0.2056745560899438,0.698,0.7,0.05,0.1360735448241756,0.796,0.76,0.0012397915093421,0.2108635909220817,0.682,0.672,0.0005469737178386
shell,1,8,1,0.1907381460578045,0.702,0.692,0.05,0.1334453151046498,0.848,0.748,0.0001928051324848,0.2039137352085687,0.696,0.676,0.0006455522290879
shell,1,8,0,0.1822023866409013,0.728,0.64,0.05,0.1163341816739146,0.862,0.812,0.0008665061693558,0.1900276875587171,0.708,0.664,0.0003437957625238
shell,1,7,4,0.1978667453744744,0.696,0.636,0.05,0.1249689854104923,0.816,0.764,0.0003736148963778,0.2038666421066504,0.688,0.668,0.0005114296840904
shell,1,7,3,0.1664440734801624,0.748,0.668,0.05,0.1408262586377947,0.834,0.772,0.0002528396187791,0.1952980125878808,0.708,0.604,0.0002709116544422
shell,1,7,2,0.1735084264629804,0.744,0.66,0.05,0.1320883755693709,0.83,0.776,0.0006862920682385,0.2011709162135033,0.7,0.596,0.0006702354028207
shell,1,7,1,0.1943907988145778,0.722,0.668,0.05,0.1339811695776078,0.814,0.724,0.0001883649136152,0.2255071785566386,0.66,0.688,0.0009530344949985
shell,1,7,0,0.1748262586159947,0.754,0.636,0.05,0.13870946935733,0.812,0.784,0.0005144523603633,0.1891846101325837,0.706,0.644,0.0005299008560221
shell,1,6,4,0.2265630054270062,0.662,0.644,0.05,0.1456815613101313,0.77,0.728,0.0014431724525222,0.216068503251263,0.688,0.688,0.0003974150952602
shell,1,6,3,0.1803075170444567,0.74,0.66,0.05,0.1358014084517023,0.802,0.776,0.0002675037191239,0.20418035943,0.686,0.64,0.0005072521822928
shell,1,6,2,0.1779744575148274,0.744,0.68,0.05,0.1408328656804927,0.81,0.848,0.0009807165378487,0.1875077823314215,0.732,0.676,0.0006159736491653
shell,1,6,1,0.1941351271506209,0.708,0.596,0.05,0.1115536883070546,0.892,0.844,0.0008181500541053,0.2194513491292951,0.69,0.668,0.0003195946024007
shell,1,6,0,0.1842138864816092,0.722,0.68,0.05,0.1175275030021148,0.868,0.828,0.0004416914964689,0.2165235473475243,0.674,0.568,0.0008225235053358
shell,1,5,4,0.2082093241035311,0.702,0.632,0.05,0.1511865744046244,0.778,0.68,0.0015287998115577,0.212220672336804,0.688,0.664,0.0005422513345632
shell,1,5,3,0.192742429426731,0.734,0.632,0.05,0.1422001238916462,0.786,0.728,0.0005498339603927,0.1965865970359421,0.71,0.684,0.0008266315685566
shell,1,5,2,0.1959415838881494,0.72,0.712,0.05,0.1615880576659703,0.75,0.744,0.0013406679461075,0.1986391741562019,0.702,0.696,0.0004644955663251
shell,1,5,1,0.1998521367591136,0.694,0.604,0.05,0.1528444281051073,0.766,0.724,0.0003473674734522,0.2068663852439285,0.702,0.668,0.0004137960634289
shell,1,5,0,0.2044624581637887,0.704,0.616,0.05,0.1136895777184378,0.862,0.88,0.0006743396479703,0.2119805887339203,0.68,0.58,0.0001470853501826
shell,1,8,3,0.1853174144299497,0.738,0.604,0.05,0.1207392379355611,0.848,0.788,0.0006371947588951,0.1760071275053404,0.756,0.676,6.803503115150398e-05
shell,2,8,4,0.1599860390218124,0.774,0.668,0.05,0.0919612823012971,0.92,0.804,0.0002370749401207,0.17885706617124,0.732,0.604,0.0002644322287946
sinus3d,1,1,1,0.2949860758264793,0.536,0.476,0.05,0.270841353044137,0.554,0.572,0.0155816450174851,0.294996166686014,0.55,0.464,0.0090356028128613
sinus3d,2,8,3,0.2191537136408853,0.664,0.484,0.05,0.1690370020461314,0.746,0.72,0.0001459529696013,0.2109327200163729,0.686,0.488,0.0001320931870333
sinus3d,1,5,2,0.2740172532569759,0.536,0.508,0.05,0.2083078086559004,0.694,0.664,0.0010839334834821,0.2744383800286943,0.554,0.496,6.118234561999252e-05
sinus3d,1,5,3,0.2542799760258546,0.602,0.456,0.05,0.2152588117422709,0.68,0.648,0.0011681221383848,0.2706470969762629,0.592,0.492,0.0001911331528021
sinus3d,1,5,4,0.2921237777505735,0.512,0.492,0.05,0.2144366256601202,0.698,0.652,0.0001076769349667,0.2729972739830843,0.574,0.58,0.0001766067638897
sinus3d,1,6,0,0.2565879542681102,0.6,0.564,0.05,0.1908764402488532,0.748,0.62,0.0005004675104927,0.2716565011490993,0.554,0.472,0.0001858148820287
sinus3d,1,6,1,0.2575205049201158,0.612,0.512,0.05,0.1953652918842313,0.708,0.628,0.0001770745553744,0.2581257549907135,0.598,0.576,5.393827485196853e-05
sinus3d,1,6,2,0.2538557857284171,0.582,0.516,0.05,0.2073642458411973,0.704,0.648,0.0014692149814419,0.2688980951819779,0.606,0.536,0.0008379387818348
sinus3d,1,6,3,0.234386942618944,0.612,0.488,0.05,0.2067836880410295,0.662,0.688,0.0013281728743201,0.254041374469021,0.62,0.508,0.0004628793627163
sinus3d,1,5,1,0.2676917415858088,0.556,0.552,0.05,0.2088006558585049,0.7,0.676,0.0002583405047436,0.2689164694111378,0.556,0.556,0.0002952456386803
sinus3d,1,6,4,0.2594841915386004,0.598,0.492,0.05,0.219647825887052,0.646,0.68,0.0002039688860796,0.2604073047438412,0.582,0.516,0.0002773589552281
sinus3d,1,7,1,0.2625638969100937,0.596,0.504,0.05,0.1889938934497048,0.742,0.6,0.0002043461267812,0.2574214607604257,0.606,0.576,0.0006526746386329
sinus3d,1,7,2,0.2528578270898841,0.604,0.452,0.05,0.2001307785884416,0.696,0.616,0.0011486771608857,0.2676480046124537,0.58,0.484,6.228156742119741e-05
sinus3d,1,7,3,0.2388175140700945,0.616,0.528,0.05,0.2169991517512985,0.676,0.688,0.0005084954765598,0.2631138948894483,0.588,0.528,0.0003623020114292
sinus3d,1,7,4,0.2507181689507674,0.612,0.524,0.05,0.2141666743274036,0.644,0.644,0.0001497321427264,0.2588611528711824,0.606,0.488,0.0001960535961092
sinus3d,1,8,0,0.2442043112731123,0.638,0.54,0.05,0.1865436737321463,0.726,0.592,0.0002546071318474,0.2536629632973119,0.612,0.508,5.2199585746215806e-05
sinus3d,1,8,1,0.2463086238235977,0.628,0.536,0.05,0.1772806399885156,0.73,0.656,0.0002536714575568,0.245613457523536,0.636,0.54,0.0003392472010608
sinus3d,1,8,2,0.2633877133256085,0.562,0.5,0.05,0.1979337257369811,0.69,0.644,0.000434749793049,0.2595894904412885,0.6,0.508,0.0001101957952208
sinus3d,1,7,0,0.2584427335976148,0.604,0.528,0.05,0.1888846733186027,0.704,0.68,0.0003019688967174,0.2617435264896364,0.612,0.472,0.0002097328542933
sinus3d,1,8,3,0.2398736294345761,0.622,0.484,0.05,0.2042929771669751,0.714,0.616,0.0001194207832139,0.2527315269603017,0.618,0.5,0.0001827190210373
sinus3d,1,5,0,0.2577908898306112,0.61,0.564,0.05,0.2101944611988942,0.688,0.652,0.0001975811086735,0.2706278416290141,0.574,0.528,0.0002647746147167
sinus3d,1,4,3,0.2612125682288858,0.548,0.568,0.05,0.2096300042299402,0.694,0.688,0.0010689195120931,0.2636641679258103,0.59,0.48,0.0003735680523108
sinus3d,1,1,2,0.2936465772676365,0.532,0.46,0.05,0.2844885763190147,0.54,0.524,0.0379070074266882,0.2929014806815079,0.528,0.472,0.0023434340220987
sinus3d,1,1,3,0.3057124487540761,0.5,0.548,0.05,0.2718074877252813,0.574,0.604,0.0300355604250405,0.3060659890353336,0.5,0.536,0.0001656964596697
sinus3d,1,1,4,0.3075706542907823,0.528,0.54,0.05,0.2595218831457436,0.58,0.524,0.020519078128243,0.3074687308051595,0.54,0.504,0.0023567475580393
sinus3d,1,2,0,0.2740369923466986,0.596,0.508,0.05,0.2460909945220321,0.588,0.596,0.0010696753244003,0.2836540523599548,0.578,0.512,0.0028197029622189
sinus3d,1,2,1,0.2882803886247756,0.558,0.528,0.05,0.2184329560648553,0.658,0.624,0.0029332923451512,0.2868608736668458,0.532,0.54,0.0021862141190574
sinus3d,1,2,2,0.2765883874122395,0.538,0.528,0.05,0.2305800280971877,0.648,0.636,0.000216422701833,0.2780371344511863,0.554,0.524,0.0259563127641638
sinus3d,1,2,3,0.2762070805255163,0.544,0.476,0.05,0.2404433120491388,0.624,0.584,7.237082820257022e-05,0.2769258487241612,0.56,0.488,0.000589070796668
sinus3d,1,4,4,0.2652467896094633,0.562,0.504,0.05,0.2159568389382505,0.652,0.616,0.0011044652698747,0.265485251032896,0.564,0.584,0.0004700248279643
sinus3d,1,2,4,0.2656376614084311,0.578,0.508,0.05,0.2339419412790629,0.618,0.612,0.0019315647004307,0.2987742137011244,0.522,0.576,6.55252011643713e-05
sinus3d,1,3,1,0.2756814888239012,0.568,0.508,0.05,0.1992116020250623,0.702,0.644,0.0016424177489593,0.2870469766366924,0.56,0.52,0.0006890711341471
sinus3d,1,3,2,0.2702400530673315,0.578,0.568,0.05,0.229726952520459,0.628,0.592,0.0004903460791369,0.2630298514535212,0.598,0.46,0.0006649661353705
sinus3d,1,3,3,0.2638986255112073,0.616,0.536,0.05,0.2112530623556651,0.676,0.684,0.0021336931069841,0.2745288859906834,0.572,0.58,0.0004470572951226
sinus3d,1,3,4,0.2816773445426769,0.564,0.556,0.05,0.2280469662290172,0.608,0.536,0.0007878245313133,0.2944020033219517,0.546,0.508,0.0002287153090538
sinus3d,1,4,0,0.2671179166729862,0.578,0.476,0.05,0.2107232272127638,0.69,0.644,0.0004498156726704,0.2572861925043097,0.584,0.596,0.0009540770998373
sinus3d,1,4,1,0.2647310276433786,0.556,0.516,0.05,0.209156839374321,0.682,0.692,0.0011589144152587,0.2624161747401358,0.562,0.548,0.0006808233891504
sinus3d,1,4,2,0.2707337852776778,0.578,0.504,0.05,0.1890598403793352,0.706,0.668,0.0002101844242713,0.2775828079237317,0.566,0.548,0.0011657536946176
sinus3d,1,3,0,0.2733008415833597,0.55,0.544,0.05,0.2374821060238695,0.618,0.6,0.0002278236406551,0.2751263843068187,0.566,0.56,0.0002844812606466
sinus3d,1,1,0,0.2844150020516763,0.552,0.576,0.05,0.2690922840359238,0.562,0.568,0.0219027854775598,0.2840821104867282,0.554,0.568,0.0109372805869753
sinus3d,1,8,4,0.2588997931394374,0.588,0.528,0.05,0.204399514258213,0.682,0.628,0.0006234630020945,0.2666811755260965,0.548,0.5,0.0001049996709284
sinus3d,2,1,1,0.2417826345154237,0.6,0.536,0.05,0.2182699879227384,0.678,0.696,0.0018679263595515,0.2453307638326985,0.568,0.512,0.0021294522739985
sinus3d,2,5,2,0.233482366394313,0.656,0.496,0.05,0.1751781964334488,0.74,0.692,0.0003946250719614,0.2281857452128229,0.67,0.472,0.0002688300935992
sinus3d,2,5,3,0.2022087613960908,0.698,0.476,0.05,0.1758535380284351,0.76,0.704,0.000386380113598,0.2145186806072523,0.66,0.484,0.0001796357359318
sinus3d,2,5,4,0.2214568575944025,0.656,0.54,0.05,0.1847962571534679,0.704,0.704,0.0001862859446327,0.2262667521372554,0.644,0.516,0.0002500173118263
sinus3d,2,6,0,0.2243226960847093,0.654,0.576,0.05,0.1737840927262983,0.756,0.68,0.0001334644930006,0.2343508091835245,0.606,0.504,0.0002399338340969
sinus3d,2,6,1,0.2123245224377111,0.666,0.528,0.05,0.1678556999486645,0.746,0.704,0.0003046595612104,0.2353591449490465,0.594,0.528,0.0001664559966238
sinus3d,2,6,2,0.2141229546398208,0.682,0.516,0.05,0.1764907439271029,0.73,0.672,0.0002411999717516,0.2326177034083035,0.616,0.52,0.0001104327573788
sinus3d,2,6,3,0.2149819846219472,0.654,0.484,0.05,0.1742827743071502,0.748,0.696,0.000222218025607,0.2214810683747662,0.666,0.552,0.0003165449981214
sinus3d,2,5,1,0.2221485449086218,0.646,0.512,0.05,0.1574023569144655,0.786,0.72,0.0006013374633307,0.2396058809947135,0.606,0.504,0.000156737656789
sinus3d,2,6,4,0.2052653474068912,0.672,0.564,0.05,0.1588769033934268,0.768,0.744,0.0002945615059686,0.2210177360106449,0.658,0.496,0.0001852278921849
sinus3d,2,7,1,0.2135318212985145,0.682,0.508,0.05,0.1630993176862394,0.762,0.652,0.0002837639834543,0.2259619723833951,0.642,0.548,0.0003445876599177
sinus3d,2,7,2,0.2027555481486703,0.684,0.5,0.05,0.1523287808093837,0.778,0.692,0.0004609068724911,0.224347338475958,0.628,0.488,0.0001955875082624
sinus3d,2,7,3,0.2020238080961988,0.676,0.54,0.05,0.167638418778561,0.778,0.728,0.0001931212251953,0.2153715304747265,0.652,0.532,0.0003391395199231
sinus3d,2,7,4,0.2178781051342296,0.648,0.528,0.05,0.1745954215769896,0.754,0.72,0.0001300916820556,0.2178943526977936,0.656,0.528,0.0001405596014233
sinus3d,2,8,0,0.2053060509841395,0.682,0.54,0.05,0.1614679878563863,0.774,0.692,0.0003307003427808,0.2101308915622673,0.68,0.484,0.0002506067948203
sinus3d,2,8,1,0.2088000868490157,0.664,0.516,0.05,0.1538958795444457,0.768,0.724,0.0002057199089564,0.2217242035605303,0.664,0.476,8.485093468390033e-05
sinus3d,2,8,2,0.2194531860700171,0.656,0.468,0.05,0.1639078394794352,0.766,0.748,0.0001277129947333,0.2126359436922077,0.662,0.48,8.770357808115048e-05
sinus3d,2,7,0,0.2142081708843315,0.664,0.496,0.05,0.1622118964498644,0.784,0.716,9.237141128337472e-05,0.2221528905979259,0.654,0.452,0.0001975686691896
sinus3d,2,1,0,0.242721682701181,0.576,0.548,0.05,0.218244490215581,0.644,0.596,0.0015032076172613,0.2509329706503127,0.578,0.548,0.001129260907326
sinus3d,2,5,0,0.2123919999112314,0.65,0.532,0.05,0.1820260458745045,0.738,0.652,0.0002045077362692,0.2234898732025921,0.67,0.544,0.0003289580054523
sinus3d,2,4,3,0.2282915646987904,0.616,0.504,0.05,0.1776481954183303,0.746,0.712,0.0004165012573167,0.228781485137597,0.632,0.524,0.0002721594611047
sinus3d,2,1,2,0.2446895612234897,0.56,0.512,0.05,0.2163272683112886,0.662,0.652,0.0033928499267648,0.2450134383118637,0.544,0.52,0.0031837817649818
sinus3d,2,1,3,0.2424677548405752,0.568,0.572,0.05,0.223366334408695,0.62,0.624,0.0005344048951775,0.2553465719343274,0.548,0.536,0.009649146191558
sinus3d,2,1,4,0.2414751080136753,0.586,0.556,0.05,0.2273474814100872,0.6,0.616,0.0481504746463001,0.2673227165285106,0.56,0.528,0.0011784139282166
sinus3d,2,2,0,0.2331881328900263,0.616,0.556,0.05,0.1980966394916897,0.688,0.676,0.0005875427260978,0.2433613550012081,0.592,0.56,0.0008157447107315
sinus3d,2,2,1,0.242324035047198,0.606,0.536,0.05,0.2002613209491235,0.696,0.696,0.0012635038757417,0.2651712027046552,0.566,0.524,0.0009924620561327
sinus3d,2,2,2,0.2462767681832456,0.572,0.572,0.05,0.1971782696939805,0.69,0.72,0.0008952657228953,0.2543329850090535,0.548,0.564,9.15870738884517e-05
sinus3d,2,2,3,0.2427791449479809,0.586,0.468,0.05,0.1965553215798065,0.706,0.668,0.0005369512193893,0.2324223837196126,0.6,0.572,0.0003804431844
sinus3d,2,4,4,0.2329326872539358,0.62,0.504,0.05,0.1952393941230289,0.73,0.62,8.267433540980728e-05,0.2451591977066258,0.578,0.552,0.0005265250955716
sinus3d,2,2,4,0.2317431691976505,0.626,0.512,0.05,0.2131798609991013,0.622,0.64,0.0004665836393847,0.2594966818490118,0.536,0.504,0.0001151228363376
sinus3d,2,3,1,0.2318505593670485,0.626,0.528,0.05,0.1785766357793932,0.714,0.672,0.0006293435673141,0.2422823537294006,0.578,0.58,0.0002977374520511
sinus3d,2,3,2,0.2259694161576222,0.626,0.452,0.05,0.1842812431125613,0.742,0.728,0.00031395373372,0.2345424012370738,0.61,0.492,0.0001806376817072
sinus3d,2,3,3,0.227475313536884,0.616,0.512,0.05,0.1812585565976963,0.738,0.708,0.0002466720631911,0.2390588039382616,0.598,0.44,0.0006168158552783
sinus3d,2,3,4,0.2363588236193323,0.616,0.52,0.05,0.2071921395012,0.682,0.668,0.0006506586591354,0.2500907269284633,0.584,0.52,0.0001955372600332
sinus3d,2,4,0,0.2210881521003538,0.644,0.516,0.05,0.1785290770355915,0.754,0.676,0.0001356972465081,0.2347789515417115,0.626,0.548,0.0006531348341005
sinus3d,2,4,1,0.2306218157722546,0.632,0.516,0.05,0.165793786281549,0.756,0.684,0.0003318824698005,0.2415476447468202,0.612,0.58,0.0002483854106868
sinus3d,2,4,2,0.2153365750800905,0.634,0.496,0.05,0.1796519210163181,0.73,0.736,0.0003142829464863,0.2346124089452508,0.62,0.544,0.0001767440197168
sinus3d,2,3,0,0.2316880374439314,0.604,0.524,0.05,0.1879777095130473,0.726,0.664,0.0003975470264832,0.2402440896160098,0.598,0.532,0.0002541854344028
sinus3d,2,8,4,0.207818683240217,0.67,0.488,0.05,0.1775237174021062,0.74,0.732,6.828672288358545e-05,0.2178978091038484,0.654,0.548,0.0002121802527427
