dataset,n_qubits,n_layers,gate_train_loss_mean,gate_train_loss_std,gate_train_loss_min,gate_train_loss_max,gate_acc_train_mean,gate_acc_train_std,gate_acc_train_min,gate_acc_train_max,gate_acc_test_mean,gate_acc_test_std,gate_acc_test_min,gate_acc_test_max,gate_lr_mean,gate_lr_std,gate_lr_min,gate_lr_max,pulsed_train_loss_mean,pulsed_train_loss_std,pulsed_train_loss_min,pulsed_train_loss_max,pulsed_acc_train_mean,pulsed_acc_train_std,pulsed_acc_train_min,pulsed_acc_train_max,pulsed_acc_test_mean,pulsed_acc_test_std,pulsed_acc_test_min,pulsed_acc_test_max,pulsed_lr_mean,pulsed_lr_std,pulsed_lr_min,pulsed_lr_max,mixed_train_loss_mean,mixed_train_loss_std,mixed_train_loss_min,mixed_train_loss_max,mixed_acc_train_mean,mixed_acc_train_std,mixed_acc_train_min,mixed_acc_train_max,mixed_acc_test_mean,mixed_acc_test_std,mixed_acc_test_min,mixed_acc_test_max,mixed_lr_mean,mixed_lr_std,mixed_lr_min,mixed_lr_max
fashion,1,1,0.11158088552819415,0.010067170647127612,0.1011035500064109,0.1280422066345477,0.8452,0.01473770674155244,0.824,0.862,0.8400000000000001,0.02059126028197403,0.82,0.872,0.05,0.0,0.05,0.05,0.12062397994106636,0.017439600130565794,0.1003567930709113,0.1406048248854001,0.8516,0.03798420724459049,0.81,0.892,0.8023999999999999,0.030146309890266773,0.756,0.828,0.005908044502662733,0.004260514760024141,7.918390242876071e-05,0.0109940757318185,0.1109973979021797,0.010164020691288588,0.1006723780567063,0.1278637375052417,0.8484,0.01925616784305747,0.82,0.868,0.8432000000000001,0.01775387281693773,0.828,0.872,0.00376223635943696,0.005213287578121978,0.0001532772001233,0.0117854053391537
fashion,1,2,0.12925114231181595,0.03708785372304283,0.0869760308806899,0.1688961930675175,0.8284,0.056593285820846294,0.766,0.898,0.7295999999999999,0.09027070399636865,0.608,0.844,0.05,0.0,0.05,0.05,0.11022759113258922,0.007395308382521715,0.1038457755246097,0.1229767129922038,0.8615999999999999,0.014791889669680484,0.842,0.876,0.7904,0.04960645119336795,0.748,0.852,0.0009454689630868599,0.0011384052458581206,0.0001130690104281,0.0029173240096116,0.12805118048240152,0.030927876844277804,0.0935552462280385,0.1624930388883121,0.8240000000000001,0.05047771785649585,0.77,0.886,0.7312000000000001,0.08622760578840168,0.628,0.84,0.00229390291934498,0.002297528425600914,0.0003549597828854,0.0050905928539566
fashion,1,3,0.09954070553509546,0.025021723705484875,0.0705263468408669,0.1371279788843844,0.8712,0.03689444402616739,0.812,0.91,0.7807999999999999,0.08724219162767516,0.672,0.88,0.05,0.0,0.05,0.05,0.11750730479798403,0.0240274984659025,0.086389004078318,0.1481723083242908,0.85,0.037629775444453534,0.806,0.904,0.7928000000000001,0.012457929201917961,0.776,0.804,0.00108836346164906,0.000982334836273018,0.0001269956221841,0.0022494484196682,0.10407462228918671,0.01744470953956978,0.0794975388628888,0.1253247291402789,0.8587999999999999,0.02666833328125328,0.83,0.896,0.7647999999999999,0.09017316674044445,0.644,0.848,0.00118422190687634,0.0007604055249977875,0.0004822421093131,0.0023343882554589
fashion,1,4,0.10752450489321581,0.02599921596543056,0.0693057110860243,0.1363504635248793,0.8620000000000001,0.04558508528016595,0.802,0.922,0.7375999999999999,0.06856238035541065,0.676,0.82,0.05,0.0,0.05,0.05,0.10964532295503333,0.02270480057323753,0.0815464792181756,0.1433728572757472,0.866,0.021954498400100168,0.836,0.894,0.7888,0.0398396787135639,0.736,0.836,0.00033016702039616,0.00014433198201108116,0.0001662171538563,0.0005580770987695,0.11213233466477672,0.02257231188398964,0.0900027542859529,0.14532917210135,0.8544,0.029271146202361112,0.81,0.882,0.7224,0.10776270226752856,0.592,0.844,0.000743649925738086,0.000500007015416095,6.835945229552997e-05,0.0013334494771136
fashion,1,5,0.09682263825819598,0.022997513115322183,0.0774953512889734,0.125265818055659,0.876,0.031016124838541666,0.834,0.912,0.7712,0.07855698568555185,0.676,0.872,0.05,0.0,0.05,0.05,0.1120578452241574,0.023511316347708002,0.084272075838739,0.1386729253787562,0.8507999999999999,0.04170371686073075,0.8,0.898,0.8056000000000001,0.0426708331299027,0.764,0.864,0.000868367228272675,0.0008401268823754124,6.552777455967517e-05,0.0021136798639989,0.10478561417483194,0.015786608611556365,0.0841491030818981,0.1201540652481573,0.8615999999999999,0.025667099563448943,0.838,0.892,0.7727999999999999,0.05317142089506355,0.708,0.836,0.0008300273113208599,0.0008145984135143376,0.0001039486058632,0.0020893999111641
fashion,1,6,0.10259992418459789,0.02127644958739243,0.0765559035236057,0.1256199705812295,0.8688,0.028092703679069454,0.84,0.898,0.7544,0.06750407395113278,0.704,0.856,0.05,0.0,0.05,0.05,0.1009801583523626,0.016250420964086465,0.0798677886963423,0.1168431517178361,0.8747999999999999,0.02726169473822201,0.844,0.916,0.7784000000000001,0.02393324048264258,0.744,0.808,0.00035604864783800457,0.0003692465934535697,8.919595515072291e-05,0.0009853998734704,0.10850867620905032,0.021038984266703892,0.0793391226180824,0.1341865829260618,0.8612,0.03598888717368185,0.82,0.912,0.7552,0.08363731224758482,0.632,0.864,0.00053230314573972,0.0006006876526793453,0.0001159081106756,0.0015707720776098
fashion,1,7,0.09462100924292148,0.014241698147641195,0.0719867565437612,0.105704834240207,0.8795999999999999,0.020366639388961567,0.86,0.91,0.7736,0.07063143775968321,0.696,0.888,0.05,0.0,0.05,0.05,0.10123926908974368,0.015111428520977268,0.0830527186792733,0.116269809595191,0.8648,0.02512369399590755,0.842,0.9,0.772,0.0916078599247903,0.616,0.836,0.00026941290792488004,0.0001530416146722157,0.0001527896519773,0.0005320254414469,0.10726680508715858,0.01680118010663605,0.0835383944520609,0.1305693263196484,0.8612,0.023773935307390758,0.834,0.888,0.7535999999999999,0.021651789764358984,0.732,0.784,0.00042318959879732805,0.00032074803466644694,9.55303697140403e-05,0.0008275038373443
fashion,1,8,0.09683987928367224,0.014048608300050931,0.0814763236776434,0.1146090721984095,0.8756,0.019768662069042514,0.844,0.894,0.7792,0.05102156406853872,0.724,0.84,0.05,0.0,0.05,0.05,0.10000088782319103,0.013439008111671522,0.0889498092898769,0.1202213959349752,0.8756,0.021279097725232645,0.846,0.906,0.7824,0.04396362132490908,0.732,0.852,0.00047203775384186,0.0003092253617326674,0.0001171794084673,0.00081716175882,0.10236019619212669,0.015557486614458842,0.0782761620345058,0.118499563777176,0.8688,0.02256546033210935,0.846,0.898,0.7448,0.10160314955748172,0.628,0.86,0.00038039518377508,0.0001685309050153582,0.0002072627295211,0.0006194631962468
fashion,2,1,0.10626577236711113,0.009899521907333647,0.0965377848906129,0.1221739654532299,0.8560000000000001,0.012884098726725123,0.836,0.872,0.8432000000000001,0.02406657433038614,0.82,0.876,0.05,0.0,0.05,0.05,0.11280183166060231,0.008558516972095845,0.10471037903246,0.1263390746771054,0.8603999999999999,0.012759310326189273,0.84,0.872,0.788,0.03709447398198284,0.752,0.832,0.00482405264490198,0.005126463996748357,0.0002387279029529,0.0122229082130664,0.10602988705777008,0.010246034982614975,0.094394665001247,0.1216783306879309,0.858,0.016000000000000014,0.832,0.876,0.8375999999999999,0.02426520142096499,0.816,0.872,0.0058884176882458405,0.005374627172657617,0.0003882389164755,0.0139494464182068
fashion,2,2,0.0884861884050862,0.012331489000730491,0.0775798820548147,0.1076721036033295,0.8888,0.017239489551607978,0.866,0.912,0.8024000000000001,0.04712536472007406,0.752,0.88,0.05,0.0,0.05,0.05,0.11515009281300463,0.017872919135074775,0.0864740007463216,0.1288389372022189,0.8576,0.026130442016927335,0.836,0.898,0.8016,0.06564145031913905,0.728,0.872,0.00104662535071804,0.00041940716846171583,0.0007235355991524,0.0017483580754975,0.10153838152859387,0.02054867077790921,0.0830840785108933,0.1365031309851536,0.8800000000000001,0.028982753492378898,0.832,0.908,0.7487999999999999,0.11339841268730352,0.608,0.888,0.0010313139891474001,0.0005289241671660286,0.0001984136433137,0.0015320572403013
fashion,2,3,0.08489767958324494,0.015463513862400654,0.0651017237301541,0.1052091237919772,0.8960000000000001,0.019646882704388528,0.864,0.916,0.8064,0.081417442848569,0.712,0.904,0.05,0.0,0.05,0.05,0.10315598730828783,0.008729313717891976,0.0940292966806634,0.1138732900706717,0.8724000000000001,0.01479188966968048,0.85,0.89,0.8151999999999999,0.061475198251001985,0.736,0.872,0.0005166897830512,0.00032016902846624025,0.0001718906834115,0.0009218594489515,0.09792654487842292,0.010961307723223887,0.0875427179806598,0.1143822635684768,0.8792,0.0108258948821795,0.866,0.892,0.7936,0.0655194627572602,0.716,0.892,0.0006781329972578201,0.0004586990819758493,0.0001845539939251,0.0013235494848555
fashion,2,4,0.0861950048096451,0.018920708155759847,0.0615945019990389,0.1084673022275025,0.8916000000000001,0.02815670435260493,0.852,0.924,0.7984,0.07481176378083863,0.712,0.892,0.05,0.0,0.05,0.05,0.09866854499549657,0.015729328556019846,0.0786784212225993,0.1225211862939379,0.8736,0.022908513701242188,0.836,0.898,0.7984,0.06925893444170217,0.716,0.884,0.0003381803701463,0.0002667708091839178,0.0001390893270342,0.0007673113183167,0.09692190258344682,0.018649189139892875,0.0720616839510446,0.1222381098402514,0.8724000000000001,0.031349641146271555,0.826,0.906,0.7535999999999999,0.06378714604056213,0.664,0.832,0.00052686208471354,0.000332264514544251,0.0001997099192176,0.0009621767897368
fashion,2,5,0.08142035145807527,0.01562109793743616,0.0643594733365549,0.1044828191613256,0.8992000000000001,0.020717142660125705,0.866,0.92,0.7936,0.06678922068717376,0.732,0.888,0.05,0.0,0.05,0.05,0.09258823480987435,0.014267581027132787,0.0769799356360541,0.1116440899219829,0.8844,0.02666083269517292,0.844,0.918,0.8064,0.0522761896086545,0.752,0.88,0.00045202844591816,0.00019795430417874585,0.0002937823356939,0.0007905279276214,0.09187674555087608,0.018931362488000994,0.069091516420672,0.1185223463279292,0.8855999999999999,0.02639696952303429,0.854,0.924,0.7368,0.08252999454743712,0.652,0.844,0.00075646221197364,0.00030221158209988336,0.0002952980687273,0.0010758728047167
fashion,2,6,0.08408969998248028,0.015911855804293745,0.0639973010886894,0.1080505284638108,0.8956,0.027033312782565173,0.852,0.924,0.7736,0.04763192206913345,0.72,0.824,0.05,0.0,0.05,0.05,0.09027498252176348,0.015267990978128369,0.0727804740705726,0.1145082546997319,0.8952,0.022917242417009966,0.866,0.928,0.8048,0.03615522092312529,0.764,0.84,0.00026587921787757536,0.0001382949401330276,9.365762223207691e-05,0.0004733643619875,0.09375104386241737,0.019032149814949353,0.0715557490453903,0.1179665134347154,0.8836,0.032199378875997005,0.846,0.924,0.76,0.08039900496896715,0.66,0.86,0.0003625403883748738,0.0003677972968954034,8.81489178394689e-05,0.0010037041995224
fashion,2,7,0.08420585557041707,0.013349275044355286,0.0674339797555335,0.1025262610600605,0.89,0.01870828693386972,0.86,0.908,0.7992,0.06999428548103058,0.7,0.896,0.05,0.0,0.05,0.05,0.0883475451117072,0.012631722143772837,0.0759404735680849,0.1087291035689322,0.8912000000000001,0.017697457444503184,0.86,0.902,0.772,0.03847076812334267,0.732,0.824,0.00012797429964631884,3.532066438563791e-05,8.68697239542651e-05,0.0001740911688524,0.09297905864407208,0.016323305972741915,0.074107341981907,0.1190081750378489,0.8876,0.020851858430365404,0.858,0.916,0.7744,0.06484442921331025,0.688,0.856,0.00025665052669786,0.00015289130413008868,0.0001176608306621,0.0004902180296621
fashion,2,8,0.08341448321355302,0.01230817973516332,0.0723052856584325,0.1040668045950512,0.8976000000000001,0.01925616784305748,0.872,0.924,0.792,0.058514955353311165,0.704,0.856,0.05,0.0,0.05,0.05,0.08628873756367333,0.013449927210154505,0.0705783174567963,0.1067629124703115,0.898,0.028106938645110414,0.854,0.93,0.7976,0.048957124098541555,0.74,0.856,0.00025295914503211997,9.278450760759181e-05,0.0001876245346355,0.0004162778588752,0.09049603026355496,0.01787016978375013,0.0660566864190695,0.1153947422836871,0.8888,0.030351276744150345,0.848,0.932,0.692,0.09541488353501246,0.576,0.824,0.00032393262874134,0.0001452644466159161,0.0001045306557119,0.0004575904718005
digits,1,1,0.2460274812450634,0.02808380712835339,0.2212299412419987,0.2847302820761813,0.6288,0.031131977129633153,0.598,0.662,0.5952,0.06808230313378066,0.496,0.676,0.05,0.0,0.05,0.05,0.14824072818872222,0.010860032042814442,0.1377254981255229,0.1639390513271526,0.8028000000000001,0.02274203157151971,0.77,0.83,0.8032,0.02583021486554068,0.776,0.836,0.016000745392581,0.0196693221367904,0.000285354189344,0.0465773851151822,0.24531161629258538,0.02777492985758233,0.2195850417355024,0.2819919796987615,0.6176,0.059989999166527745,0.542,0.688,0.6056,0.06168306088384394,0.528,0.688,0.013830566682920906,0.019113690694949455,5.433747668742716e-05,0.0465441203107285
digits,1,2,0.16536763720569742,0.017896555390478932,0.140642739905689,0.1889185153373645,0.788,0.04042276586281546,0.724,0.82,0.7944,0.051115555362335655,0.724,0.848,0.05,0.0,0.05,0.05,0.10986823039608704,0.01684193481472995,0.0941268989506516,0.1322850140971878,0.8596,0.03099677402569502,0.824,0.888,0.8568,0.04537840896285368,0.804,0.916,0.0053621862682239,0.004423646798968823,0.0024512941590147,0.0129732912517044,0.1846132707319328,0.011335312550958083,0.1739916139559054,0.2007480691390797,0.7476,0.016334013591276342,0.724,0.764,0.7504,0.022908513701242195,0.732,0.788,0.0013968052405032801,0.0014288077130711445,0.0001254152720166,0.0037455710965211
digits,1,3,0.17098323587038994,0.019842644132702838,0.143400238521812,0.1860605044004675,0.7664,0.028192197502145893,0.742,0.798,0.7576,0.03672601257964172,0.704,0.796,0.05,0.0,0.05,0.05,0.11010580645158433,0.016050541017384994,0.09050741039435,0.1350076445732662,0.8640000000000001,0.035298725189445566,0.808,0.896,0.8656,0.03493994848307597,0.82,0.912,0.00137832010408772,0.0008634344981252878,0.000489193749125,0.0025741245072268,0.1602151355084535,0.02258140263028332,0.1307625162906603,0.1806630137717285,0.7844,0.0389974358131403,0.752,0.828,0.776,0.03655133376499415,0.732,0.832,0.00121200887485876,0.0009404748480806513,0.0006580992395883,0.0028874866987927
digits,1,4,0.14784339846174469,0.017014979872051278,0.1307123574516439,0.1664979319157258,0.8028000000000001,0.028691462144686847,0.772,0.828,0.7856,0.05048564152311034,0.716,0.84,0.05,0.0,0.05,0.05,0.10389439392261327,0.017425368406498717,0.081550840012278,0.1242629244961516,0.8708,0.027480902459708287,0.844,0.908,0.8648,0.0314197390186488,0.824,0.912,0.00145683907374538,0.001023073225488352,0.0003654729734996,0.002843487862233,0.15769941156064374,0.014359885337621855,0.1424629920422949,0.1779107195241427,0.788,0.03481379037105842,0.746,0.834,0.772,0.04069397989875161,0.72,0.828,0.0007065312305235599,0.00045796048342680985,0.0001239672189189,0.0013914632827851
digits,1,5,0.15327414383040677,0.026823141118225667,0.1229471333543672,0.1836147170665519,0.7924,0.04497554891271476,0.738,0.842,0.7736,0.058555956144528985,0.7,0.848,0.05,0.0,0.05,0.05,0.09478931225400009,0.013954779046042936,0.0767416879923774,0.1131609578601083,0.8855999999999999,0.022600884938426692,0.858,0.912,0.8880000000000001,0.02742261840160421,0.86,0.932,0.0015155408415748798,0.0005307603096425082,0.000875873146935,0.0022591043164254,0.1494652071180393,0.02211579729059652,0.1276285485929322,0.1829009429267569,0.7888,0.05203076013282911,0.712,0.84,0.7712,0.08548216188188038,0.628,0.856,0.0011100455845164,0.0005578583510771548,0.0003093949582612,0.0016035936724044
digits,1,6,0.14490668422744035,0.030466700206236208,0.1131530661296307,0.18982456451727,0.7968,0.06194513701655683,0.696,0.852,0.7864,0.0381156135986291,0.76,0.852,0.05,0.0,0.05,0.05,0.09832441437812803,0.020800732191670175,0.0803162145551285,0.1341397601741176,0.8744,0.03814184054289985,0.808,0.904,0.8672000000000001,0.028199290771223337,0.832,0.896,0.00075916999272444,0.0004855056589004912,0.0002247909051135,0.0014798180101078,0.14515318453035603,0.019053935143483764,0.1248734201934798,0.1721042036101521,0.7976,0.04136181814185639,0.75,0.85,0.7792,0.07301506693826966,0.684,0.868,0.00040384079423302,0.00024634201533697744,0.0001379953316159,0.0007724257122754
digits,1,7,0.13814814991568938,0.024081733582464356,0.1084717302906252,0.1659097955212164,0.8188000000000001,0.0342811901777053,0.774,0.86,0.788,0.04698936049788294,0.72,0.84,0.05,0.0,0.05,0.05,0.09238447296887256,0.011727146209236773,0.0770476235556243,0.1046288021249669,0.8848,0.015786069808536914,0.868,0.904,0.8752000000000001,0.04959032163638386,0.812,0.92,0.0004273709282352155,0.0003301778012337609,7.307912949047772e-05,0.0007922627331815,0.15119774579070167,0.026385347258987942,0.1197242550117361,0.181252762513708,0.7936,0.05167978328127935,0.732,0.86,0.7608,0.06641686532801737,0.656,0.828,0.00041269397691211484,0.00045222362136058714,9.07199551350743e-05,0.0011915898856176
digits,1,8,0.13971163044909335,0.026812320070964523,0.1185865813067016,0.1794095666195783,0.8092,0.04396817030534701,0.748,0.848,0.7928,0.03339461034358689,0.752,0.84,0.05,0.0,0.05,0.05,0.09728059788369924,0.013366258568545987,0.0790090999014156,0.1155646627503912,0.8768,0.020861447696648484,0.848,0.904,0.8704000000000001,0.0221990990808186,0.844,0.904,0.00039964125610357124,0.00038791055449513334,6.851690181044427e-05,0.0009428796831409,0.15456352786563674,0.02044573740500853,0.1319521464627771,0.1843366121130128,0.7944,0.037640403823551084,0.738,0.83,0.752,0.045431266766402224,0.692,0.796,0.00035376109375448125,0.0002632497588946018,8.297291203600647e-05,0.0007788859990678
digits,2,1,0.21527898736816517,0.014292153372709648,0.198607140390041,0.2317678902615728,0.6704,0.03603886790674754,0.628,0.708,0.6407999999999999,0.060226240128369225,0.56,0.704,0.05,0.0,0.05,0.05,0.11913812237364178,0.02227573328130786,0.0852236139805562,0.1374464681767699,0.8368,0.046445667182203346,0.782,0.898,0.82,0.06596969000988255,0.728,0.888,0.003402131163875001,0.004538359677655914,5.014025507140625e-05,0.0113421143719508,0.22528854452223265,0.013430669280229039,0.2110895995547283,0.2440726559043354,0.644,0.03325657829663181,0.61,0.686,0.6168,0.07168821381510353,0.52,0.688,0.00107556473485642,0.0011669075418211182,0.0001860387283794,0.0029951849008432
digits,2,2,0.144120382432888,0.010002030118407158,0.1323535751947605,0.1554212385779671,0.8124,0.019919839356781932,0.784,0.832,0.8231999999999999,0.0438543042357304,0.76,0.868,0.05,0.0,0.05,0.05,0.09718107932120974,0.009289287859500284,0.0853811613290606,0.10636511950271,0.8804000000000001,0.014993331851193076,0.864,0.9,0.8864000000000001,0.01846076921474294,0.868,0.908,0.00131434986156686,0.0005988766163704193,0.0008218844233499,0.0021460280021371,0.15021516744561172,0.013352877733211638,0.1328271029664188,0.1653512438271121,0.8056000000000001,0.024306377763870898,0.774,0.834,0.8071999999999999,0.03339461034358688,0.756,0.84,0.00056286570812398,0.00041383980185230617,0.0001068297506813,0.0010951035482337
digits,2,3,0.1320769800166414,0.015053263879204302,0.1157123845945229,0.1458374027642584,0.8291999999999999,0.025713809519400246,0.806,0.86,0.8016,0.046182247671589155,0.74,0.86,0.05,0.0,0.05,0.05,0.08757959822700441,0.015765197084684587,0.074179681249634,0.1119998611216273,0.9040000000000001,0.02835489375751569,0.858,0.934,0.8944000000000001,0.03528172331391996,0.836,0.924,0.00035125965372049997,0.00015808310040985306,0.000151910885623,0.0005350810445389,0.1428973104521029,0.015301630339918585,0.120663369544106,0.1575369808880265,0.8164,0.028649607327151938,0.78,0.844,0.8056000000000001,0.039557553008243575,0.76,0.86,0.0007039895326941601,0.0004913254177732401,0.0001566046399757,0.0011744389983363
digits,2,4,0.12319024033822386,0.013149821238231121,0.111688068547807,0.1444952636039323,0.8408,0.02269801753457777,0.81,0.87,0.8295999999999999,0.045921672443411714,0.752,0.872,0.05,0.0,0.05,0.05,0.07863674108673162,0.010508458858805806,0.0705823888288085,0.0953956584047732,0.9116,0.014656056768449008,0.888,0.926,0.8984,0.020119642143934875,0.876,0.924,0.00049921140603516,0.00023760602505431405,0.0003486025572726,0.000911350076471,0.13735783818154146,0.012054843813158769,0.1264838058130236,0.1561514867940848,0.8248,0.017584083712266572,0.796,0.84,0.7968,0.04475712233823792,0.748,0.856,0.0002882152509473468,0.00018831456599418845,7.361768905933399e-05,0.0005193660866391
digits,2,5,0.12446694578528442,0.020128653962261298,0.104066768029898,0.152270467944435,0.8384,0.03639780213144743,0.788,0.874,0.8048,0.04511319097558937,0.748,0.844,0.05,0.0,0.05,0.05,0.0700682885106234,0.010407002805819137,0.0564965645905164,0.0799059356101467,0.9188000000000001,0.012214745187681996,0.902,0.93,0.8984,0.028509647489928767,0.868,0.936,0.00043191430791368005,0.00013607166034945196,0.0002727680816162,0.0005650203894384,0.1335407148816981,0.021162961977878092,0.1136939411097556,0.1599057064417957,0.8256,0.04035839441801418,0.772,0.862,0.7847999999999999,0.0641498246295343,0.716,0.856,0.00038332085118488,0.00018980055721848368,0.000165016546613,0.0006317990551601
digits,2,6,0.11873857945498303,0.020060546746918307,0.100233410085686,0.1468487956905122,0.8475999999999999,0.03198124450361492,0.798,0.874,0.8103999999999999,0.04530783596686118,0.748,0.868,0.05,0.0,0.05,0.05,0.07420940259671127,0.006216819884176145,0.0684703023421154,0.0825235402250738,0.9232000000000001,0.006099180272790771,0.916,0.93,0.9136000000000001,0.014587666023048377,0.896,0.936,0.00039716893308282004,0.0001242511840394784,0.0002145678101061,0.0005375683938897,0.129886266578315,0.020539802899750315,0.1064826683181957,0.1531119124033378,0.8268000000000001,0.03579385422108099,0.784,0.858,0.7968,0.06308090043745412,0.724,0.856,0.0003499703263733,0.0001417288336525959,0.0002110305051544,0.0005312297494478
digits,2,7,0.11363428689825832,0.017890502247960724,0.0912870884159891,0.1332996313951927,0.858,0.02949576240750529,0.826,0.9,0.82,0.05528109984434097,0.744,0.88,0.05,0.0,0.05,0.05,0.06986352244124482,0.007634257576345131,0.0597098181041944,0.0800844318514706,0.9268000000000001,0.008074651695274545,0.914,0.936,0.9152000000000001,0.022873565528793265,0.888,0.944,0.0003086636963159,0.0001735223835201728,0.00018019714599,0.0006118556567957,0.13156971336500073,0.016528478650494102,0.1189477669143789,0.1551299701706271,0.8263999999999999,0.024306377763870894,0.796,0.846,0.7936,0.0601065720200379,0.7,0.852,0.00024555871355895996,7.765372803236665e-05,0.0001592060427869,0.0003580578813553
digits,2,8,0.11962616494509644,0.028099996945337824,0.0862022524375063,0.1517296786987413,0.8492000000000001,0.038173289090671754,0.812,0.9,0.8176,0.05422914345626344,0.764,0.904,0.05,0.0,0.05,0.05,0.0727421362395711,0.010437227061584025,0.0591081440256252,0.0831228302643537,0.9204000000000001,0.012601587201618691,0.91,0.936,0.8944000000000001,0.029065443399335953,0.868,0.928,0.000259841353592,0.0001858297840854916,0.0001109647743537,0.0005767123748152,0.13401409691135757,0.021096928264878852,0.1169508443338078,0.1661688895253197,0.8236000000000001,0.029339393313427563,0.78,0.852,0.8056000000000001,0.04821617985697334,0.744,0.868,0.00031422998632857997,9.921659023045841e-05,0.0002073085580825,0.0004373219856609
sinus3d,1,1,0.2972661516381301,0.009499668677290494,0.2844150020516763,0.3075706542907823,0.5296000000000001,0.01888915032498817,0.5,0.552,0.52,0.04963869458396344,0.46,0.576,0.05,0.0,0.05,0.05,0.2711503168540201,0.008914769589472191,0.2595218831457436,0.2844885763190147,0.562,0.01593737745050921,0.54,0.58,0.5584,0.03436277055186323,0.524,0.604,0.02518921529500332,0.008805474242807289,0.0155816450174851,0.0379070074266882,0.29710289553894864,0.009739335480814354,0.2840821104867282,0.3074687308051595,0.5344,0.02169792616818485,0.5,0.554,0.5088,0.043671501004659774,0.464,0.568,0.00496775228792886,0.004715580776635648,0.0001656964596697,0.0109372805869753
sinus3d,1,2,0.27615010206353224,0.008098083629049261,0.2656376614084311,0.2882803886247756,0.5628,0.02410808992848659,0.538,0.596,0.5096,0.02127909772523263,0.476,0.528,0.05,0.0,0.05,0.05,0.23389784640245534,0.01050819534240726,0.2184329560648553,0.2460909945220321,0.6272,0.02744448942866311,0.588,0.658,0.6104,0.020899760764181027,0.584,0.636,0.001244665180003554,0.0012026502759302552,7.237082820257022e-05,0.0029332923451512,0.2848504245806545,0.008783008316965924,0.2769258487241612,0.2987742137011244,0.5492,0.022387496510329126,0.522,0.578,0.528,0.03286335345030995,0.488,0.576,0.006323365168654495,0.011032757950251094,6.55252011643713e-05,0.0259563127641638
sinus3d,1,3,0.2729596707056953,0.006576879744221555,0.2638986255112073,0.2816773445426769,0.5751999999999999,0.024923884127479035,0.55,0.616,0.5424,0.022733235581412495,0.508,0.568,0.05,0.0,0.05,0.05,0.22114413783081463,0.01554921584433434,0.1992116020250623,0.2374821060238695,0.6464000000000001,0.04058078362969351,0.608,0.702,0.6112,0.055957126445163353,0.536,0.684,0.00105642102140974,0.0008035959564997978,0.0002278236406551,0.0021336931069841,0.27882682034193346,0.012164158283358647,0.2630298514535212,0.2944020033219517,0.5684,0.01915202339179856,0.546,0.598,0.5256000000000001,0.04687003307018249,0.46,0.58,0.00046285822686811996,0.00021148924534349143,0.0002287153090538,0.0006890711341471
sinus3d,1,4,0.2658084174864783,0.003484682953398294,0.2612125682288858,0.2707337852776778,0.5644,0.013371611720357357,0.548,0.578,0.5136000000000001,0.03377573093213527,0.476,0.568,0.05,0.0,0.05,0.05,0.20690535002692215,0.010337562540411339,0.1890598403793352,0.2159568389382505,0.6848,0.02027806696901848,0.652,0.706,0.6616,0.03182451884946572,0.616,0.692,0.0007984598588336399,0.0004371315529477825,0.0002101844242713,0.0011589144152587,0.2652869188253767,0.007518549363627083,0.2572861925043097,0.2775828079237317,0.5731999999999999,0.012853015210447679,0.562,0.59,0.5512,0.04520176987685329,0.48,0.596,0.0007288494127760801,0.0003305806906992399,0.0003735680523108,0.0011657536946176
sinus3d,1,5,0.2691807276899648,0.015031245888815782,0.2542799760258546,0.2921237777505735,0.5631999999999999,0.04215684997719822,0.512,0.61,0.5144,0.04423573216303761,0.456,0.564,0.05,0.0,0.05,0.05,0.2113996726231381,0.0032358570735406145,0.2083078086559004,0.2152588117422709,0.692,0.008124038404635932,0.68,0.7,0.6584000000000001,0.011523888232710352,0.648,0.676,0.00056313083405014,0.0005174968306009074,0.0001076769349667,0.0011681221383848,0.27152541240563866,0.0021814795275922434,0.2689164694111378,0.2744383800286943,0.5700000000000001,0.015556349186104011,0.554,0.592,0.5304,0.03801052485825473,0.492,0.58,0.00019778850314175852,9.102092403680526e-05,6.118234561999252e-05,0.0002952456386803
sinus3d,1,6,0.2523670758148375,0.010253394921131325,0.234386942618944,0.2594841915386004,0.6008,0.012377398757412655,0.582,0.612,0.5144,0.030278705388440918,0.488,0.564,0.05,0.0,0.05,0.05,0.20400749838047266,0.011299416443329852,0.1908764402488532,0.219647825887052,0.6936,0.0404326600658428,0.646,0.748,0.6528,0.030384206423732688,0.62,0.688,0.0007357797615417399,0.0006203230996846109,0.0001770745553744,0.0014692149814419,0.26262580610693054,0.007412147766979348,0.254041374469021,0.2716565011490993,0.592,0.025298221281346973,0.554,0.62,0.5216000000000001,0.038220413393892,0.472,0.576,0.00036358605133197366,0.0003040514433603806,5.393827485196853e-05,0.0008379387818348
sinus3d,1,7,0.2526800281236909,0.009040871588775916,0.2388175140700945,0.2625638969100937,0.6064,0.007797435475847192,0.596,0.616,0.5072,0.03242221460665513,0.452,0.528,0.05,0.0,0.05,0.05,0.2018350342870902,0.013393384927439333,0.1888846733186027,0.2169991517512985,0.6923999999999999,0.03612201544764632,0.644,0.742,0.6456,0.038533102652135345,0.6,0.688,0.0004626439607341,0.00040718299518894885,0.0001497321427264,0.0011486771608857,0.26175760792462927,0.00399149439007344,0.2574214607604257,0.2676480046124537,0.5984,0.013667479650615912,0.58,0.612,0.5096,0.04267083312990267,0.472,0.576,0.0002966089335771595,0.00022564713069809733,6.228156742119741e-05,0.0006526746386329
sinus3d,1,8,0.2505348141992664,0.010084229043384208,0.2398736294345761,0.2633877133256085,0.6076,0.031667017541915754,0.562,0.638,0.5176000000000001,0.02442949037536396,0.484,0.54,0.05,0.0,0.05,0.05,0.19409010617656622,0.011881315993309247,0.1772806399885156,0.204399514258213,0.7083999999999999,0.021466252583997966,0.682,0.73,0.6272,0.024883729623993288,0.592,0.656,0.00033718243355232,0.0001953771055455855,0.0001194207832139,0.0006234630020945,0.25565572274970694,0.007912083153291156,0.245613457523536,0.2666811755260965,0.6028,0.033274614948936666,0.548,0.636,0.5112,0.0165891530826622,0.5,0.54,0.00015787225479870314,0.000111522980627062,5.2199585746215806e-05,0.0003392472010608
sinus3d,2,1,0.242627348258869,0.0012578046597771138,0.2414751080136753,0.2446895612234897,0.578,0.015620499351813292,0.56,0.6,0.5448000000000001,0.02252110121641477,0.512,0.572,0.05,0.0,0.05,0.05,0.22071111245367803,0.004537427692586059,0.2163272683112886,0.2273474814100872,0.6408,0.03138789575616693,0.6,0.678,0.6368,0.03871950412905619,0.596,0.696,0.01108977268901104,0.020743063409469867,0.0005344048951775,0.0481504746463001,0.25278929225154256,0.009182858775232583,0.2450134383118637,0.2673227165285106,0.5596,0.014028542333400118,0.544,0.578,0.5288,0.013971399357258397,0.512,0.548,0.00345401101321618,0.0035633546247273284,0.001129260907326,0.009649146191558
sinus3d,2,2,0.23926225005322027,0.0064104995490093806,0.2317431691976505,0.2462767681832456,0.6012,0.022027255843613407,0.572,0.626,0.5288,0.040733278777923085,0.468,0.572,0.05,0.0,0.05,0.05,0.2010542825427403,0.006922250695357299,0.1965553215798065,0.2131798609991013,0.6803999999999999,0.03338862081608043,0.622,0.706,0.6799999999999999,0.030066592756745773,0.64,0.72,0.00074996943670176,0.0003304902941870335,0.0004665836393847,0.0012635038757417,0.25095692165670824,0.013110995604557545,0.2324223837196126,0.2651712027046552,0.5684,0.027509998182479015,0.536,0.6,0.5448000000000001,0.029312113536897985,0.504,0.572,0.0004790719722980503,0.0004090382221896019,9.15870738884517e-05,0.0009924620561327
sinus3d,2,3,0.23066843002496368,0.004095556511665329,0.2259694161576222,0.2363588236193323,0.6176,0.009099450532861866,0.604,0.626,0.5072,0.03141973901864879,0.452,0.528,0.05,0.0,0.05,0.05,0.18785725690077962,0.011361259202944932,0.1785766357793932,0.2071921395012,0.7203999999999999,0.0240997925302273,0.682,0.742,0.688,0.02842534080710375,0.664,0.728,0.0004476350099687601,0.00018371322599378308,0.0002466720631911,0.0006506586591354,0.24124367508984182,0.0057015147958640695,0.2345424012370738,0.2500907269284633,0.5936,0.012680693987317913,0.578,0.61,0.5128,0.05164494166905411,0.44,0.58,0.00030898273669451997,0.00017834850642547411,0.0001806376817072,0.0006168158552783
sinus3d,2,4,0.22565415898108504,0.007278589374361503,0.2153365750800905,0.2329326872539358,0.6292,0.011278297743897395,0.616,0.644,0.5072,0.008671793355471514,0.496,0.516,0.05,0.0,0.05,0.05,0.17937247477496357,0.010486925908571776,0.165793786281549,0.1952393941230289,0.7432000000000001,0.012617448236470047,0.73,0.756,0.6856,0.04368981574692206,0.62,0.736,0.0002562076511042815,0.00014091666649375577,8.267433540980728e-05,0.0004165012573167,0.23697593761560104,0.0064309470299812295,0.228781485137597,0.2451591977066258,0.6136,0.02123205124334434,0.578,0.632,0.5496000000000001,0.02011964214393484,0.524,0.58,0.00037538976423607997,0.0002038571468777678,0.0001767440197168,0.0006531348341005
sinus3d,2,5,0.2183377060409319,0.011716511994247624,0.2022087613960908,0.233482366394313,0.6612,0.02100476136498574,0.646,0.698,0.5112,0.026138094804327282,0.476,0.54,0.05,0.0,0.05,0.05,0.17505127888086436,0.010674223045849035,0.1574023569144655,0.1847962571534679,0.7455999999999999,0.03024566084581394,0.704,0.786,0.6944,0.02570603042089541,0.652,0.72,0.0003546272659584,0.00016907739571387544,0.0001862859446327,0.0006013374633307,0.22641338643092723,0.009044827614600931,0.2145186806072523,0.2396058809947135,0.65,0.02679552201394854,0.606,0.67,0.504,0.028142494558940617,0.472,0.544,0.00023683576071972004,6.959067410505304e-05,0.000156737656789,0.0003289580054523
sinus3d,2,6,0.2142035010382159,0.006827001239924597,0.2052653474068912,0.2243226960847093,0.6656000000000001,0.01203328716519307,0.654,0.682,0.5336000000000001,0.0371591173199795,0.484,0.576,0.05,0.0,0.05,0.05,0.17025804286052854,0.007120035823196421,0.1588769033934268,0.1764907439271029,0.7496,0.013957077057894323,0.73,0.768,0.6992,0.028057084666800302,0.672,0.744,0.00023922071150764003,6.859707197440823e-05,0.0001334644930006,0.0003046595612104,0.22896529238525712,0.007113411794631588,0.2210177360106449,0.2353591449490465,0.628,0.03212475680841808,0.594,0.666,0.52,0.02190890230020667,0.496,0.552,0.00020371909568115998,7.822083420025657e-05,0.0001104327573788,0.0003165449981214
sinus3d,2,7,0.21007949071238893,0.007216597716861939,0.2020238080961988,0.2178781051342296,0.6708000000000001,0.014939879517586505,0.648,0.684,0.5144,0.01888915032498818,0.496,0.54,0.05,0.0,0.05,0.05,0.1639747670602076,0.0081505178735435,0.1523287808093837,0.1745954215769896,0.7712,0.012617448236470038,0.754,0.784,0.7016,0.030802597293085505,0.652,0.728,0.00023205103489593493,0.00014702964022390071,9.237141128337472e-05,0.0004609068724911,0.22114561692595985,0.004426445934776427,0.2153715304747265,0.2259619723833951,0.6464000000000001,0.011610340218960005,0.628,0.656,0.5096,0.039048687557970516,0.452,0.548,0.00024348859174322,9.269257222354153e-05,0.0001405596014233,0.0003445876599177
sinus3d,2,8,0.21210634415685492,0.006693296338464769,0.2053060509841395,0.2194531860700171,0.6672,0.009654014708917736,0.656,0.682,0.4992,0.02862167011199731,0.468,0.54,0.05,0.0,0.05,0.05,0.16516648526570096,0.008803006756878357,0.1538958795444457,0.1775237174021062,0.7588,0.014872793954062534,0.74,0.774,0.7232,0.020474374227311593,0.692,0.748,0.00017567458779107708,9.956348296427432e-05,6.828672288358545e-05,0.0003307003427808,0.21466431358704532,0.0049721356064725605,0.2101308915622673,0.2217242035605303,0.6692,0.013311649033834996,0.654,0.686,0.4952,0.029852973051272498,0.476,0.548,0.00015348694947227016,7.47883944173932e-05,8.485093468390033e-05,0.0002506067948203
helix,1,1,0.24508058883672584,0.022704161352291263,0.2190564109381368,0.2766777322731786,0.6656000000000001,0.04015968127363558,0.634,0.734,0.6456000000000001,0.031698580409854356,0.608,0.676,0.05,0.0,0.05,0.05,0.23083625230464905,0.008997776219339724,0.2183574212418648,0.2389720322843055,0.5791999999999999,0.023177575369308985,0.544,0.608,0.5824,0.04887535166113893,0.512,0.644,0.0151450546901287,0.004066155138676028,0.0111921120512508,0.0215074394389783,0.24341776612904908,0.0237760810596571,0.2186164727856647,0.2765547976585443,0.6980000000000001,0.03307567081708244,0.666,0.742,0.6552,0.035485208185946956,0.608,0.692,0.012939611232593259,0.005305801016191481,0.0066495198637507,0.0194202178153973
helix,1,2,0.24534509718291986,0.008714632820420355,0.2317200843415024,0.2552122792662069,0.5788,0.03743260610751007,0.53,0.628,0.5688,0.05347148772944324,0.496,0.628,0.05,0.0,0.05,0.05,0.24089432628880503,0.01140016689536424,0.2295965732430945,0.2597743358019595,0.5372,0.03587756959438582,0.488,0.574,0.5359999999999999,0.03969886648255841,0.492,0.576,0.001484244770985034,0.0013879700439137265,9.913598786387076e-05,0.003163585703898,0.25213028049551445,0.01626961620818791,0.2346235098389933,0.2670549962339258,0.5704,0.03314815228636427,0.534,0.624,0.5696,0.060899917898138395,0.516,0.668,0.0038105667425974597,0.002629474230284967,0.0019457840458062,0.0083903030908952
helix,1,3,0.22542527045668032,0.012337307386658896,0.2151673668469873,0.2393894849480585,0.6472,0.016284962388657846,0.63,0.672,0.624,0.01766352173265571,0.604,0.648,0.05,0.0,0.05,0.05,0.23235606085225222,0.012700829502305321,0.2164186166022892,0.2465836659272272,0.5952,0.02368966019173768,0.576,0.632,0.5952,0.03433948165013556,0.544,0.632,0.00099483806495398,0.0006342892848977987,0.0003426493819212,0.001712177409933,0.240848294127357,0.00661690835003224,0.2309264320323689,0.2493146390576095,0.6208,0.0159749804381727,0.6,0.638,0.5984,0.03965854258542541,0.544,0.652,0.0005455889941139199,0.0005651783777616619,0.0001427321332576,0.0014657513967413
helix,1,4,0.20143663495014558,0.025665127502617974,0.1784987157302848,0.2335589135591793,0.6971999999999999,0.06374323493516781,0.596,0.744,0.6464000000000001,0.059437361987221445,0.56,0.712,0.05,0.0,0.05,0.05,0.223493336345543,0.017140102846206397,0.206853697946231,0.2501978047267167,0.644,0.02340939982143925,0.614,0.67,0.6448,0.03433948165013564,0.608,0.684,0.0004656683294701898,0.0005092958270394813,5.218372982662675e-05,0.0012148504685394,0.2253520417955334,0.017213993344309342,0.2039183037172476,0.2468850954542612,0.6488,0.030970954134478968,0.618,0.682,0.596,0.04481071300481615,0.532,0.648,0.00088158780651248,0.00046565053186304256,0.0003395663831516,0.0013643254781006
helix,1,5,0.19347783470091215,0.010656363472280175,0.1767489288315271,0.2054885791479709,0.7212,0.02317757536930902,0.696,0.754,0.6848,0.03819947643620261,0.648,0.744,0.05,0.0,0.05,0.05,0.222560490459972,0.016077497591426237,0.2021242848404032,0.2407965008083676,0.6195999999999999,0.04109501186275533,0.586,0.672,0.6024,0.048216179856973344,0.548,0.66,0.0006129245755043999,0.00046571726981504014,0.0001888710806138,0.0013723019271205,0.20597097690171173,0.010300322911800669,0.1895553071351048,0.2158468442321374,0.692,0.03190611226708761,0.636,0.716,0.6392,0.03637581614204693,0.592,0.668,0.00045726432764119996,0.000273069684922156,0.0001449726151415,0.000784219294426
helix,1,6,0.18864877225688742,0.021248345801307127,0.1557500649556837,0.2132313673969243,0.728,0.04277849927241488,0.678,0.792,0.6912,0.05094310551978548,0.636,0.736,0.05,0.0,0.05,0.05,0.20801475346169193,0.017903330727111293,0.1791908995678328,0.2280846914984276,0.682,0.041569219381653096,0.66,0.756,0.6759999999999999,0.024166091947189137,0.644,0.708,0.0003798886061607,0.00036131708265685255,0.0001322020452261,0.0010086716785766,0.1953718623446337,0.004895463398549827,0.1897450018041665,0.2000321167819545,0.7103999999999999,0.012759310326189283,0.69,0.724,0.6632,0.025518620652378542,0.62,0.684,0.0005185034260737,0.00034752859207169354,0.0001234980807397,0.0010196151586671
helix,1,7,0.1832173585213353,0.010188930245673095,0.1717861153651988,0.197221436996525,0.7268,0.025400787389370412,0.686,0.746,0.6792,0.06231532716755969,0.6,0.744,0.05,0.0,0.05,0.05,0.208491019560836,0.011294110571326909,0.1894899194787194,0.2175065131095522,0.6644,0.03795787138394351,0.632,0.712,0.6567999999999999,0.05078582479393239,0.572,0.708,0.00020719942021974426,0.00012967724287234956,5.0086451629902856e-05,0.0003039852248876,0.1953234064575003,0.01259544591390173,0.180615704285681,0.2097014212904149,0.7116,0.021835750502329873,0.68,0.732,0.6632,0.0507858247939324,0.584,0.7,0.00055477484836558,0.00041434168455623704,0.0001052400570069,0.0011540098828428
helix,1,8,0.18267665273766226,0.00900645101952384,0.1686436606473309,0.1911256350458525,0.724,0.013928388277184133,0.712,0.742,0.6712,0.030252272641902403,0.628,0.7,0.05,0.0,0.05,0.05,0.2049487750618753,0.014742216181096408,0.1900088224650576,0.2238342226840964,0.6632,0.03915609786482813,0.604,0.692,0.6264000000000001,0.043598165099003924,0.564,0.676,0.00026845793400628003,0.00013194423763455997,0.0001713619814905,0.0004989447126905,0.18419316411722247,0.01489644610137721,0.1671258862963272,0.2043213689455732,0.73,0.03807886552931954,0.672,0.77,0.6592,0.04394542069431125,0.62,0.732,0.0002510950739153926,0.00013260333679554007,8.218642156896306e-05,0.000385124899627
helix,2,1,0.22949387730404838,0.016261136284586624,0.2132402283700914,0.2482515338034743,0.6612,0.05923850099386378,0.592,0.726,0.6344000000000001,0.03505424368033067,0.588,0.684,0.05,0.0,0.05,0.05,0.2379232823413997,0.00912039050659751,0.2249848894051701,0.2482079396622066,0.5528,0.054306537359695484,0.482,0.62,0.5128,0.06982263243390358,0.432,0.62,0.0024331665394857717,0.002135755117746591,5.088974755065758e-05,0.0056799914775626,0.2342619148801354,0.020001456210771863,0.2130847858835868,0.2601451364889255,0.6784,0.05800689614175194,0.602,0.758,0.6552,0.029852973051272436,0.612,0.696,0.015694423133118023,0.017296067005857802,0.0004800033907908,0.0343759917845363
helix,2,2,0.19169532430159336,0.0176073224036104,0.1734247722802195,0.219235459066602,0.7224,0.05896439603693063,0.626,0.768,0.6799999999999999,0.049879855653359666,0.608,0.748,0.05,0.0,0.05,0.05,0.2244145909040754,0.006840626799429233,0.2130396871226569,0.2313502622674377,0.6152,0.034513765369776676,0.554,0.636,0.5791999999999999,0.056808450075670924,0.496,0.648,0.00123066634153414,0.0008653296014805571,0.0001567347970185,0.002248101057935,0.21247510874245626,0.012220243502438315,0.193886556857325,0.2239707496767174,0.6576000000000001,0.021835750502329877,0.634,0.692,0.6288,0.03457166469813106,0.576,0.668,0.0009455735946089,0.00040396532684381986,0.0003694036784222,0.0014132153019815
helix,2,3,0.16240255617935723,0.013172473407038523,0.1468955871198902,0.1764495500696066,0.7964,0.03845516870330954,0.758,0.846,0.736,0.06443601477434806,0.64,0.812,0.05,0.0,0.05,0.05,0.20579000729109556,0.006774148053846691,0.1941284356642058,0.2102414809173013,0.6608,0.038719504129056136,0.636,0.728,0.636,0.02653299832284321,0.604,0.676,0.00040256341619578057,0.0002547116826953672,9.743893591500307e-05,0.0007108660461345,0.19237851215412488,0.011097142942725947,0.1769150630731991,0.2058542687161299,0.708,0.03328663395418645,0.674,0.754,0.6744,0.024754797514825243,0.648,0.712,0.0004575665177759628,0.0005658368758367132,6.467526310551935e-05,0.0014321973037803
helix,2,4,0.14247267638806488,0.02193793634624771,0.1264472798076711,0.1781448684374306,0.8204,0.05652256186692178,0.728,0.87,0.7544000000000001,0.07587357906412485,0.656,0.84,0.05,0.0,0.05,0.05,0.1936133746197387,0.004467780239994115,0.1878043069900248,0.1982750403257464,0.6824,0.03617734097470404,0.63,0.73,0.6592,0.05347148772944323,0.6,0.724,0.0002750521337312154,0.0002171868803333751,7.9570418122177e-05,0.0006458315280154,0.17562807906757325,0.004265294558554317,0.1711376165742421,0.1819369800957203,0.7532,0.01911020669694602,0.726,0.772,0.7184,0.03424616766880639,0.672,0.768,0.00044483553490251993,0.0002148897524988543,0.0002000579637165,0.0007405334727139
helix,2,5,0.12959100455258518,0.013283833668252754,0.1144480363853764,0.146230172564805,0.8436,0.03814184054289985,0.794,0.884,0.7704,0.05326161845081318,0.708,0.828,0.05,0.0,0.05,0.05,0.1838064613617864,0.0034312659428309676,0.1809475249855474,0.1891838178001794,0.7123999999999999,0.009633275663033875,0.7,0.726,0.6912,0.029448259710889525,0.66,0.74,0.00028874843542926,0.00012819405260786537,0.0001826065277718,0.0004940754263352,0.1581834678017608,0.00989327183867904,0.1448661306513028,0.1713852880193712,0.7888,0.023306651411131515,0.762,0.826,0.7096,0.04754787061478149,0.652,0.772,0.00030689407215618,0.00014280908606449148,0.0001516000138899,0.000476522268885
helix,2,6,0.11864709912908819,0.01056169097766877,0.1082725667012438,0.1339872905106003,0.8628,0.017922053453775896,0.84,0.882,0.7672000000000001,0.03141973901864879,0.724,0.796,0.05,0.0,0.05,0.05,0.17783241304943898,0.00482407441237156,0.1724739126777673,0.1850805923705663,0.722,0.032031234756093915,0.674,0.754,0.6608,0.06901594018775663,0.556,0.736,0.0002252934282535,0.00014734933985091367,0.0001067514523574,0.000478372748761,0.15268790109218094,0.00924881140643129,0.1384206218975043,0.1619331133284732,0.8028000000000001,0.01967739820199815,0.78,0.828,0.7488,0.04659613717895508,0.68,0.792,0.00044904041856676,0.00013704357744400905,0.0002707171842376,0.0005648728870642
helix,2,7,0.11719836549664542,0.005246183203030034,0.1110298610402474,0.1235369620663712,0.8535999999999999,0.010620734437881406,0.842,0.866,0.7792,0.04685296148590825,0.732,0.836,0.05,0.0,0.05,0.05,0.17926827395658518,0.010450376974751166,0.1708808931259114,0.1967324345868981,0.7292,0.024600812994695943,0.69,0.752,0.688,0.04907137658554118,0.604,0.724,0.0001387312181792278,4.502887785110459e-05,9.275828231723886e-05,0.0001911419024398,0.14420192169304008,0.005574678425741687,0.1351958291201611,0.1488778093045037,0.806,0.015620499351813297,0.792,0.832,0.7288,0.0672547396099338,0.644,0.82,0.00021506782962834643,9.576698195812436e-05,8.360764845283223e-05,0.0003463740388701
helix,2,8,0.12112055383115147,0.012192702562050003,0.104280623080608,0.1378579211939867,0.8503999999999999,0.030046630426721732,0.802,0.88,0.7608,0.054214389233855596,0.68,0.828,0.05,0.0,0.05,0.05,0.170954179904107,0.0047709621926642735,0.16438884601134,0.1773600381232942,0.7588,0.022917242417009973,0.73,0.792,0.7032,0.052718118327573095,0.612,0.74,0.0001520668186747,3.2422718019607925e-05,0.0001102098246567,0.000193374984602,0.13919017533642836,0.006215061982473631,0.1312462700767582,0.145488617234751,0.8240000000000001,0.02465765601187591,0.802,0.866,0.7375999999999999,0.026773120849090448,0.708,0.78,0.00022508002758461998,0.00010439443992964422,0.0001183698198689,0.0003773691307003
shell,1,1,0.25265304875241695,0.009890568352910325,0.2426323807888853,0.2674185718502337,0.64,0.02111871208194288,0.604,0.656,0.6136,0.04678461285508307,0.564,0.684,0.05,0.0,0.05,0.05,0.28995676626316336,0.006202240630738567,0.2818592519695504,0.2974074207456334,0.5188,0.03425200724045237,0.48,0.558,0.5176000000000001,0.03207491231476714,0.464,0.548,0.010409810548280007,0.012717930034202797,5.041874427793579e-05,0.0308704351034994,0.25200981063233735,0.009367354055771496,0.2436803288757887,0.2664105652294284,0.6416000000000001,0.020069877926883365,0.614,0.662,0.6112,0.040733278777923126,0.572,0.672,0.009904955832694937,0.017548049569931633,5.113500472035322e-05,0.0410651069257124
shell,1,2,0.24226236672074125,0.02218573505950528,0.2211948108591219,0.2786801731099156,0.626,0.03619392214170774,0.57,0.668,0.5896,0.02947541348310486,0.548,0.616,0.05,0.0,0.05,0.05,0.15715674788447093,0.008648363520726829,0.14940656484146,0.1713501473958452,0.794,0.017720045146669305,0.782,0.824,0.7776,0.02070748656887167,0.748,0.796,0.0049357589252531,0.003247315040837723,0.0016421483337908,0.0100778589166125,0.24225148598697172,0.01275213005231869,0.2223761822606669,0.2572040366471942,0.6264000000000001,0.027107194616927822,0.588,0.664,0.5784,0.02442949037536394,0.536,0.596,0.00130955850687348,0.0013670036603149185,0.0003896622152591,0.0036531393505887
shell,1,3,0.20479759113139567,0.015828436500944183,0.1892363955018644,0.2234627320618538,0.702,0.02576819745345023,0.668,0.728,0.6512,0.029037906260610487,0.608,0.68,0.05,0.0,0.05,0.05,0.14734533097543895,0.01058413860202219,0.1369464554309787,0.1622456351551256,0.8016,0.010237187113655734,0.786,0.814,0.768,0.03577708763999665,0.728,0.816,0.00147415933110194,0.001958661904037887,0.0001625638435341,0.0048969731126517,0.21311812134095987,0.011511778658506121,0.2018426898113597,0.2309417189751651,0.6832,0.008786353054595504,0.672,0.696,0.6552,0.03217452408350431,0.628,0.696,0.00101237838820966,0.0005931995084539134,0.0003955882428678,0.0018841568424027
shell,1,4,0.20035213410353708,0.011579443081578294,0.1827091542371965,0.2119975538663947,0.7028,0.009444575162494084,0.694,0.714,0.6487999999999999,0.039436024140371936,0.604,0.7,0.05,0.0,0.05,0.05,0.1326687029933198,0.0067650606493358445,0.1247279801995601,0.1421365519716484,0.8208,0.027770487932335594,0.786,0.846,0.7984,0.041434285320251396,0.756,0.856,0.00082645468270412,0.00080005663530064,0.0001447958993169,0.0020391622854056,0.21286065687644634,0.01229555223365756,0.1986906013459316,0.2309438689551539,0.6891999999999999,0.028021420377989402,0.65,0.728,0.6384000000000001,0.04583448483401994,0.576,0.68,0.0008755780398202399,0.0007360047625118753,0.0001879228751126,0.0020558810201786
shell,1,5,0.2002415864682628,0.006248592851455771,0.192742429426731,0.2082093241035311,0.7108,0.01603745615738358,0.694,0.734,0.6392,0.04236980056596914,0.604,0.712,0.05,0.0,0.05,0.05,0.1443017523571572,0.018443945572381656,0.1136895777184378,0.1615880576659703,0.7884,0.04332204981299941,0.75,0.862,0.7512000000000001,0.07581028953908568,0.68,0.88,0.00088820176789608,0.0005166776097114974,0.0003473674734522,0.0015287998115577,0.20525868350135937,0.007335887659781638,0.1965865970359421,0.212220672336804,0.6963999999999999,0.012116104984688725,0.68,0.71,0.6584,0.045659610160403256,0.58,0.696,0.00047885197661128,0.0002446822408403064,0.0001470853501826,0.0008266315685566
shell,1,6,0.19263879872370407,0.019944757183529904,0.1779744575148274,0.2265630054270062,0.7152000000000001,0.03306357512429653,0.662,0.744,0.652,0.03475629439396557,0.596,0.68,0.05,0.0,0.05,0.05,0.13027940535029914,0.014936180432804405,0.1115536883070546,0.1456815613101313,0.8284,0.05014778160596934,0.77,0.892,0.8048,0.05164494166905407,0.728,0.848,0.0007902468520138,0.00046317392752907594,0.0002675037191239,0.0014431724525222,0.20874630829790078,0.013234620882981035,0.1875077823314215,0.2194513491292951,0.694,0.022135943621178655,0.674,0.732,0.648,0.048083261120685256,0.568,0.688,0.00053255180689096,0.00019703778980624474,0.0003195946024007,0.0008225235053358
shell,1,7,0.18140726054963793,0.013866191259962643,0.1664440734801624,0.1978667453744744,0.7327999999999999,0.023857912733514668,0.696,0.754,0.6536000000000001,0.016395121225535374,0.636,0.668,0.05,0.0,0.05,0.05,0.13411485171051912,0.006203322519125082,0.1249689854104923,0.1408262586377947,0.8211999999999999,0.010059821071967427,0.812,0.834,0.764,0.02349468024894149,0.724,0.784,0.00040311277147477996,0.00020134287029907106,0.0001883649136152,0.0006862920682385,0.20300547191945134,0.013791801551964631,0.1891846101325837,0.2255071785566386,0.6923999999999999,0.019718012070185965,0.66,0.708,0.64,0.039799497484264784,0.596,0.688,0.00058710241847478,0.00024989615765901854,0.0002709116544422,0.0009530344949985
shell,1,8,0.18384786771095118,0.00614419700758991,0.1743214044807854,0.1907381460578045,0.7316,0.018622566955175675,0.702,0.752,0.6432,0.042275288289969085,0.6,0.692,0.05,0.0,0.05,0.05,0.12146294977840906,0.016945938132601337,0.096495194147651,0.1403008200302688,0.8492000000000001,0.04167973128512227,0.786,0.902,0.7968,0.03375203697556636,0.748,0.84,0.0006380655249285399,0.0005197720966484974,0.0001118852523388,0.0013819363115682,0.19307334135871862,0.0132137304017641,0.1760071275053404,0.2086036817433708,0.7148,0.027842413688471755,0.686,0.756,0.6552,0.025518620652378542,0.616,0.676,0.0005376614738058807,0.00035082067007403614,6.803503115150398e-05,0.0010000980152453
shell,2,1,0.2086192301008815,0.007288032518861205,0.2010844082812675,0.2187034511064365,0.6732,0.019318385025669176,0.654,0.704,0.6327999999999999,0.04836527680061388,0.584,0.704,0.05,0.0,0.05,0.05,0.16087137319745975,0.004477723472714619,0.1566796390684745,0.1683393372426238,0.7768,0.011189280584559497,0.764,0.792,0.7448,0.04430801281935356,0.68,0.796,0.005096507597236561,0.007100871506454661,0.0002102998004414,0.0171364378482739,0.217404392109797,0.008740414632427454,0.2113615626517789,0.2316370051574911,0.6648,0.02907232360854562,0.616,0.69,0.636,0.03487119154832542,0.592,0.68,0.0019497191117534799,0.0018201886351485535,0.0002263368246743,0.0044804093955159
shell,2,2,0.18718202961806502,0.008639353246402331,0.1780446031180419,0.196739613059777,0.724,0.02541653005427768,0.698,0.76,0.636,0.05351635264103851,0.56,0.7,0.05,0.0,0.05,0.05,0.13069469368937825,0.009172222396964528,0.1239022483566907,0.1467517686096894,0.8468,0.02621449980449751,0.8,0.86,0.8008,0.050628055463349565,0.724,0.848,0.0010086517627587801,0.000670777991267838,0.0002734396027971,0.0019589616526931,0.19442417545958293,0.008611090628726812,0.1877448979350593,0.2091273161628387,0.7076,0.022154006409676758,0.67,0.728,0.6632,0.03745931125901807,0.62,0.708,0.0004662597859401,0.00023199631403379614,0.0002337812078671,0.0007563390699301
shell,2,3,0.16989342689595663,0.013490294729362652,0.1549874816445383,0.1897279756551318,0.7468,0.031035463586033363,0.7,0.778,0.6672,0.028761084819596026,0.64,0.7,0.05,0.0,0.05,0.05,0.11168049030684199,0.010910852562566666,0.0937527499754926,0.1192271027113886,0.8844,0.0207074865688717,0.86,0.916,0.844,0.031240998703626597,0.8,0.876,0.00042399821059135997,0.0003041969567848628,0.0001307756915872,0.0009297342462438,0.18503885580238671,0.01509448396478971,0.1652430604339235,0.2006559751297343,0.7272000000000001,0.03395879856532032,0.692,0.77,0.6544000000000001,0.034246167668806365,0.62,0.708,0.0007027467993136,0.0003723658751477678,0.0003608952789575,0.0012095835790755
shell,2,4,0.16258981479314813,0.007576213664653545,0.1524374846228635,0.1707379540931729,0.7727999999999999,0.01758408371226663,0.756,0.802,0.6904,0.041434285320251375,0.652,0.748,0.05,0.0,0.05,0.05,0.10331463037325621,0.011823839611631002,0.0836687978139793,0.114580475556559,0.9016,0.017458522274236176,0.876,0.922,0.8480000000000001,0.034641016151377546,0.812,0.9,0.00033132983765506,0.0001719245112400622,0.0001043725206911,0.0005015223925514,0.18244014126752656,0.012145644302183,0.1700161846398485,0.1962595376590586,0.7228,0.020861447696648508,0.692,0.744,0.6487999999999999,0.03648561360317242,0.612,0.692,0.0002448700347411,3.8522001799055427e-05,0.0001794636365943,0.0002774258195264
shell,2,5,0.15849749970358532,0.0075964237423960575,0.1511295453176716,0.1693197787034835,0.7748,0.012853015210447695,0.76,0.786,0.6696,0.027217641337926413,0.632,0.7,0.05,0.0,0.05,0.05,0.0999636510371003,0.010091497371206936,0.0844300333723002,0.112527127841329,0.9,0.022759613353482103,0.872,0.932,0.8400000000000001,0.03174901573277507,0.804,0.884,0.00036368567113468,8.376134686086607e-05,0.0002514832305509,0.0004646177206113,0.1736826073519489,0.008708675472531206,0.163571593888229,0.1836894724969173,0.7487999999999999,0.02844644090215859,0.704,0.782,0.6599999999999999,0.043726422218150894,0.596,0.712,0.00034492582083366,0.00017764638188738372,0.0001982014230535,0.000633524094255
shell,2,6,0.15497311371308525,0.012666275231925286,0.1382183368129143,0.1722430587803189,0.784,0.020396078054371103,0.766,0.818,0.6567999999999999,0.028761084819596078,0.624,0.692,0.05,0.0,0.05,0.05,0.10387433815193078,0.007454826185423564,0.0913595324320773,0.1095175361361272,0.8928,0.02419090738273371,0.86,0.914,0.8496,0.02237856116911896,0.812,0.868,0.00039359183045747996,0.00028071027440675414,0.0001149863685093,0.0007000203510327,0.17561855287452555,0.008426839223912477,0.1614362457803286,0.1837875540587343,0.7496,0.022864820139244506,0.736,0.79,0.6424,0.038533102652135345,0.592,0.696,0.0001857710643039574,7.156125019280524e-05,7.515620829348696e-05,0.0002539570035921
shell,2,7,0.15367701576142556,0.005726947684207673,0.1448760323544561,0.1608087121929871,0.7844,0.021651789764358994,0.752,0.812,0.6736,0.03628773897613354,0.624,0.72,0.05,0.0,0.05,0.05,0.09911757688435384,0.008530343811337951,0.084617011435928,0.1068186896992008,0.908,0.018920887928424463,0.894,0.94,0.8400000000000001,0.018761663039293743,0.82,0.868,0.00038239436363516,0.00010836913593573415,0.0002431705789648,0.0005109493327239,0.17560452494121087,0.011823264283514028,0.164788696837283,0.1914461530555343,0.7428,0.031987497557639626,0.69,0.768,0.6272,0.019266551326067697,0.604,0.652,0.00025514111422376,8.829811674196453e-05,0.000168068395176,0.0003707170395656
shell,2,8,0.15386158922430182,0.00778615641627566,0.1447651518899096,0.1622504580842574,0.7828,0.01375499909123953,0.772,0.806,0.6424000000000001,0.01564608577248638,0.628,0.668,0.05,0.0,0.05,0.05,0.0913564676020912,0.004967296126447702,0.0859547752552392,0.098325433504838,0.9088,0.020620378270051223,0.874,0.924,0.8512000000000001,0.034339481650135596,0.804,0.888,0.00041132864340464003,0.00010609433619944601,0.0002370749401207,0.000502345424717,0.16492629497036687,0.010570284652699517,0.1540398391348591,0.17885706617124,0.7624000000000001,0.02405826261391293,0.732,0.794,0.62,0.01720465053408526,0.604,0.648,0.00020599731868014,7.240141438478354e-05,0.0001035242067112,0.0002644322287946
corners3d,1,1,0.24770970644401266,0.008809657711873602,0.2400063622986077,0.2617841962042006,0.6612,0.021194338866782337,0.63,0.682,0.644,0.030983866769659356,0.6,0.672,0.05,0.0,0.05,0.05,0.17783514012720894,0.014250756184295211,0.1679768379925982,0.2024767269094297,0.7455999999999999,0.023891421054428756,0.71,0.766,0.736,0.03989987468652004,0.696,0.784,0.007678872538541879,0.006256942828015565,0.0001194762483372,0.0170817721338826,0.24699578797999014,0.007535739990331135,0.2403344401785246,0.25869568393021,0.6588,0.011798304963002125,0.644,0.672,0.6648,0.033033316515300136,0.62,0.712,0.00275603152450954,0.003498489441872363,0.0001969728682485,0.0084508052052579
corners3d,1,2,0.2121516999832485,0.014887495672451807,0.1906830237795826,0.2316598919370258,0.6992,0.02663080922540654,0.674,0.736,0.6975999999999999,0.0053665631459995,0.692,0.704,0.05,0.0,0.05,0.05,0.13482138738946967,0.013629826899082254,0.1173055583257982,0.146463419600868,0.8148,0.02704071004984886,0.788,0.848,0.7936,0.022908513701242177,0.756,0.812,0.00699658625700802,0.0024789642984579343,0.004181179526781,0.0105796966081549,0.20905378405573422,0.015525469478807176,0.1896504335360511,0.2321969729539686,0.71,0.027820855486487092,0.67,0.742,0.6848,0.013386560424545169,0.664,0.696,0.006226535550005881,0.007152889514142538,0.000315798788165,0.0173867696580243
corners3d,1,3,0.21401021609566423,0.01203447374953033,0.2006506497223678,0.2307863116292087,0.6839999999999999,0.027422618401604145,0.642,0.714,0.648,0.018547236990991426,0.616,0.66,0.05,0.0,0.05,0.05,0.13451398555247956,0.016554163011631914,0.1122149462984706,0.1518196459215002,0.808,0.027676705006196036,0.776,0.838,0.7936,0.02554995107627412,0.76,0.812,0.0016196280053510398,0.0014350933997267041,0.0001972717241757,0.0038223704220772,0.19831781415937297,0.01554612402920283,0.1822507591282537,0.2242517594997587,0.7215999999999999,0.022289010745208088,0.696,0.754,0.7032,0.030776614498674155,0.68,0.756,0.00062049270219448,0.0006724684665067201,0.0001115564069664,0.0017499560220527
corners3d,1,4,0.18586276856440834,0.015611273978250004,0.1658479251305722,0.2031461244371445,0.7263999999999999,0.02684771871127975,0.704,0.766,0.6784000000000001,0.029745587908125107,0.636,0.72,0.05,0.0,0.05,0.05,0.14788443158934075,0.020659959560681923,0.1228117204708966,0.1667486569463092,0.7916000000000001,0.03581619745310768,0.746,0.834,0.7656,0.04210463157421046,0.724,0.836,0.00076843943482302,0.0003059930535544159,0.0005207096191408,0.001287376906312,0.18350464474020747,0.010881262731804639,0.1740486471173012,0.200204614828977,0.7464000000000001,0.02854470178509496,0.698,0.774,0.7032,0.026290682760247944,0.676,0.732,0.0015479941329882203,0.0018673255674976285,0.0001757476068794,0.0047389250662697
corners3d,1,5,0.18819615178331878,0.011358349723770325,0.1804282279459345,0.2075204498486204,0.726,0.023537204591879607,0.686,0.746,0.688,0.020976176963402975,0.668,0.716,0.05,0.0,0.05,0.05,0.14615819705953928,0.019482871183683272,0.1178251980355754,0.1637105933397218,0.7896,0.03415845429758198,0.744,0.838,0.7567999999999999,0.016346253393362056,0.736,0.78,0.0004966402884406471,0.0004736616957282715,6.992174096823612e-05,0.0012008709340354,0.18171722628427114,0.013549169779086094,0.1636953986903885,0.198652173971362,0.7312,0.02128849454517629,0.702,0.76,0.708,0.020784609690826523,0.672,0.724,0.00047280883119002004,0.0003511608499794662,0.0001444174906312,0.0009438860154971
corners3d,1,6,0.18266713931849943,0.014808728755901838,0.1618464039685098,0.2023869389825596,0.7243999999999999,0.022864820139244492,0.698,0.758,0.6928,0.028481572990268638,0.648,0.724,0.05,0.0,0.05,0.05,0.1315552789329094,0.022993203360290714,0.1085578866362213,0.1700027543379378,0.818,0.04101219330881975,0.754,0.868,0.7688,0.05117812032499831,0.696,0.812,0.00052390976964908,0.00040946533656907103,0.0001649654701581,0.0011834002091081,0.1775483670493061,0.012639960467437449,0.1696140585674354,0.1998744255303332,0.7416,0.019359752064528078,0.71,0.76,0.6856,0.03317830616532432,0.632,0.72,0.0007569542335251199,0.0007451051367992194,0.000100597480164,0.0019921242381902
corners3d,1,7,0.17958764712005065,0.021127995746446308,0.1457581178283293,0.1954951296521812,0.7343999999999999,0.027942798714516787,0.708,0.774,0.6512,0.03457166469813107,0.596,0.68,0.05,0.0,0.05,0.05,0.12435869568510054,0.01571606858937901,0.1070262512064721,0.1467192938635293,0.8371999999999999,0.024149534156997724,0.8,0.856,0.7928000000000001,0.01905780679931457,0.772,0.812,0.00066157253254736,0.00030874769626157655,0.0001602047665353,0.0009174114629563,0.17541567579155926,0.01090679234574196,0.1571917440710369,0.1859276331630349,0.744,0.014282856857085706,0.73,0.768,0.7232000000000001,0.03933446326060645,0.66,0.76,0.00065107233143176,0.00040838715892623493,0.0001220762070487,0.001095651734679
corners3d,1,8,0.1775333755867901,0.014826490840093097,0.1648100434334606,0.2026334589715863,0.7455999999999999,0.027546324618721862,0.7,0.768,0.6784000000000001,0.022908513701242122,0.66,0.716,0.05,0.0,0.05,0.05,0.12423819832465337,0.018546398633943608,0.1015203807307232,0.1477659065505955,0.8343999999999999,0.028962044126753173,0.8,0.862,0.7896,0.03935479640399628,0.74,0.848,0.0005427396359974324,0.0002962447558681167,5.116497062186204e-05,0.0008226594982337,0.17631563490907737,0.013761312475889506,0.1629373450413562,0.196847333356979,0.7508,0.01808867048735202,0.728,0.776,0.7088,0.049266621560646914,0.624,0.744,0.0001915090386261575,0.00010504357742483537,7.83792757690424e-05,0.0003311082878551
corners3d,2,1,0.1729197660383685,0.0036902538965237377,0.1700900936029755,0.1790096230655677,0.7332,0.012930583900195731,0.716,0.748,0.6936,0.03904868755797048,0.66,0.74,0.05,0.0,0.05,0.05,0.12866747101394893,0.010932036877915772,0.1140321676127354,0.1393456542013587,0.8291999999999999,0.01874033084019594,0.808,0.852,0.808,0.027422618401604138,0.76,0.828,0.00782674726754852,0.005764970293687134,0.0046134511845723,0.0181027186930845,0.19139480141717535,0.006133377673275095,0.1818163363639822,0.1961558666208207,0.706,0.010295630140987017,0.692,0.714,0.6928,0.03503141447329808,0.66,0.74,0.003681958793452726,0.004454886578522953,9.818442213853216e-05,0.0110738321580142
corners3d,2,2,0.1579116011132124,0.011402229790063279,0.1475740817617737,0.1768711102386544,0.7624000000000001,0.02312574323129962,0.724,0.782,0.74,0.02416609194718916,0.716,0.768,0.05,0.0,0.05,0.05,0.12744231394382183,0.014040477084537307,0.110097278984325,0.1422850108003244,0.8152000000000001,0.04500222216735524,0.766,0.864,0.7872,0.017527121840165343,0.756,0.796,0.00137334012258818,0.0006137315087127169,0.0006848979709338,0.0023580023192102,0.1701913726815035,0.011471036723020175,0.159388835267533,0.1881511103148423,0.7424,0.03223042041301977,0.7,0.78,0.7192000000000001,0.0179777640433954,0.696,0.744,0.00067994042839586,0.00036680720812502673,0.0002575158431832,0.0011238963787795
corners3d,2,3,0.15447303902684692,0.005939190296474618,0.1466649687221734,0.1628654249490969,0.7792,0.009121403400793135,0.77,0.794,0.7263999999999999,0.02662329806767001,0.696,0.768,0.05,0.0,0.05,0.05,0.11763410075989715,0.007405642765124108,0.1084375715319703,0.1279532436424537,0.844,0.01732050807568879,0.82,0.866,0.8144,0.027217641337926386,0.788,0.852,0.00048535090447443996,0.0002903919651839482,0.0001922968065488,0.0009404810588574,0.16149870481459147,0.007786041325609463,0.1540138348445385,0.1741467011813142,0.766,0.018275666882497092,0.75,0.794,0.7176,0.06037217902312292,0.64,0.804,0.00039430607182668,0.0002616672520585414,0.0001275357415636,0.0007853477400957
corners3d,2,4,0.14659768879910012,0.012506642984630325,0.125088287874221,0.1578543885655989,0.7844,0.027799280566230468,0.752,0.824,0.7192000000000001,0.016828547174370125,0.704,0.748,0.05,0.0,0.05,0.05,0.10533294211018503,0.010991937852636125,0.0894530553005607,0.1147618035191987,0.8635999999999999,0.01663730747446833,0.84,0.884,0.8352,0.04053640339250631,0.776,0.884,0.0005294075387983399,0.0002780135241283115,0.0002321378713755,0.0009758949951467,0.15705866039482153,0.006252683408417278,0.1509241242735797,0.1661635477000742,0.7672000000000001,0.016887865466067627,0.748,0.784,0.7216,0.028227646023003747,0.676,0.748,0.00056000217326552,0.00025995642662833015,0.0001375394508311,0.0008511493494186
corners3d,2,5,0.14653496394372528,0.004297146464275783,0.140193423122374,0.1508529231784605,0.7912000000000001,0.01578606980853689,0.766,0.808,0.7128,0.01905780679931452,0.684,0.732,0.05,0.0,0.05,0.05,0.10862147337538212,0.011517782517411118,0.0898878230435552,0.120640487259728,0.8512000000000001,0.02304777646542072,0.832,0.888,0.8248,0.007694153624668536,0.816,0.836,0.00039375115274746,0.0001728544922480475,0.0001768209643471,0.0006581396677535,0.15760857700803058,0.009161270380241341,0.1433876905847712,0.1690352589727593,0.7812,0.02256546033210931,0.76,0.818,0.7208,0.026743223440714864,0.704,0.768,0.00027535765739938,6.496410699529726e-05,0.0001734692987478,0.0003387070080275
corners3d,2,6,0.14428754416130066,0.006355695596134491,0.135675259826244,0.1518789649787927,0.7896000000000001,0.012759310326189282,0.776,0.81,0.7295999999999999,0.037905144769542855,0.7,0.788,0.05,0.0,0.05,0.05,0.1069045097730488,0.008094863467449882,0.0967087085100766,0.1190061961861227,0.8619999999999999,0.024576411454889046,0.832,0.896,0.8088000000000001,0.03983967871356393,0.772,0.876,0.00022906304097255998,4.7659083629190547e-05,0.0001836307569876,0.0003053281688847,0.15800929289123847,0.006886278077060838,0.1495533888107439,0.1678351160933204,0.776,0.01939071942966535,0.742,0.788,0.7136,0.026321094202179363,0.672,0.736,0.00028454385868762,0.00013594264959647306,0.0001169319431178,0.0004951274116167
corners3d,2,7,0.14271451646527736,0.00873065798635858,0.1339032573780711,0.1563254174675814,0.798,0.02505992817228331,0.772,0.828,0.6839999999999999,0.023664319132398436,0.648,0.712,0.05,0.0,0.05,0.05,0.10195932254117009,0.005712983044864641,0.0930611663173725,0.1074680682253949,0.8695999999999999,0.01178134118001852,0.858,0.888,0.8119999999999999,0.023151673805580385,0.788,0.836,0.00027397656999914,9.0722471653111e-05,0.0001445852566579,0.000397567220521,0.1588583220878961,0.007354215168170943,0.1505636305364623,0.1685829368561937,0.7704000000000001,0.012198360545581545,0.754,0.784,0.72,0.021725560982400454,0.7,0.752,0.00022686317583024002,9.368504558216557e-05,0.0001086801579673,0.0002994953391484
corners3d,2,8,0.14237717639636643,0.005416584164068324,0.134318506516405,0.1487965868738474,0.7944000000000001,0.00963327566303384,0.782,0.808,0.7247999999999999,0.00867179335547153,0.712,0.732,0.05,0.0,0.05,0.05,0.10397772756472076,0.004185442933832752,0.099555428993984,0.1090949298351141,0.8592000000000001,0.009011104260855062,0.846,0.87,0.8144,0.0481331486607722,0.748,0.86,0.00025237574081714,5.655802123588685e-05,0.0002075257894266,0.0003476745040244,0.15411137424464175,0.008814170476924156,0.1463608374649513,0.1690751141683337,0.7892,0.01825376673456741,0.76,0.81,0.6839999999999999,0.016970562748477115,0.664,0.708,0.0002923979752402,8.671424593336478e-05,0.0001943314964644,0.0004093948745959
